,0,1,2,3,4,5,6,7,8,9,10,11,12,13,14,15,16,17,18,19,20,21,22,23,24,25,26,27,28,29
7x15,1.4403942,-2.6943207,-4.4576077,-3.7933054,6.7334366,-9.7934065,-2.1467435,5.842693,-1.3728925,-0.26484367,-6.702012,4.421567,-0.896992,0.4348334,-3.340124,3.2505507,-6.2574463,5.9804053,-4.884791,4.9210405,0.7017277,-5.3844543,-0.24765056,1.2635033,-10.223663,-0.3303664,2.7452064,5.2965727,5.5994124,-3.9282653
7x16,1.7412798,-3.1378005,-3.7200658,-3.544456,4.5826693,-9.63673,-3.5338783,6.5856757,-1.5325612,-0.22667879,-5.4676814,3.1789608,0.33637,0.17480516,-4.11389,3.2064166,-5.347047,5.7859697,-4.620121,3.6845071,0.72661984,-5.933865,-0.30173123,1.5676684,-10.594964,-0.29372638,1.7235525,5.0241866,6.896844,-2.1017334
7x17,2.1178303,-3.6617208,-2.8468602,-3.5929236,4.3750024,-9.139069,-4.0591063,6.855854,-1.6395247,-0.0032778978,-4.919077,2.8113422,0.6504804,0.8078838,-4.880817,2.524796,-4.145654,5.1560106,-3.9558315,3.5739207,1.0013676,-5.501672,-0.5851628,0.9513665,-11.181027,-0.25037152,2.3088384,4.94514,7.4777894,-1.98512
7x18,2.534833,-4.988536,-3.0215015,-3.344811,1.5448818,-7.4240346,-7.001238,9.861417,-0.48046902,2.1586833,-4.6378546,1.298954,3.1456504,0.8945341,-7.0964394,2.3087416,-2.371459,3.3495946,-2.702433,-0.5590658,3.5262728,-4.3521333,-1.9838696,0.468835,-11.076463,0.876583,0.2761745,3.7591028,9.112541,-0.049226344
8x13,1.7866595,-5.7623997,-5.254508,-4.524572,9.001197,-2.8235536,3.636545,8.006432,5.249352,7.1503,-5.6271405,5.8476086,-3.6785562,-0.18919808,-9.698877,9.495827,-4.21646,3.5721786,-2.019145,-1.9576044,1.2620792,-0.47232878,1.3751318,4.472168,-7.5928297,2.0372677,0.8848562,5.8017144,4.2735243,-1.0195985
8x14,1.831524,-3.133013,-5.2545424,-4.757796,8.364759,-5.0720177,0.89061964,7.301734,2.6317458,3.1488686,-6.458106,6.131156,-3.4225202,-0.2990567,-7.099916,7.089741,-5.249293,6.107797,-3.4081945,1.1947768,1.230008,-2.3147771,-0.27619553,2.4605541,-8.051989,1.4321741,2.0653307,6.317976,3.9751358,-3.7999156
8x15,1.7008905,-2.7663002,-4.8294296,-4.527785,7.50329,-7.3164854,-0.13082576,7.054033,1.2048391,2.2712946,-6.2175336,5.9723825,-2.9546165,0.35219282,-5.2120337,5.2767324,-5.7742434,6.4993043,-4.7672825,2.2395248,1.4259082,-3.3946178,0.18906546,1.9654279,-7.648936,1.9105756,1.718783,5.875063,4.6189947,-3.5261402
8x16,1.8749597,-3.324101,-3.2750587,-3.8854175,7.0621357,-9.152643,-1.4195749,6.1643248,-0.80900276,1.1413242,-5.0328064,4.9203997,-1.8400059,1.5843394,-4.7769117,2.3144567,-4.7004447,5.628256,-4.4999647,3.984825,1.0367151,-4.20886,0.47655433,1.2456154,-9.791976,-0.02919513,2.873537,5.676085,5.887734,-3.392686
8x17,3.1073668,-4.491331,-1.3905679,-4.2910566,5.730049,-7.725272,-2.2582946,8.563554,-0.4359364,4.074505,-3.4306653,5.2188296,-2.377875,1.6540985,-8.441636,0.8140528,-2.0397527,3.5104985,-3.1236541,0.7395365,3.9905174,-3.1966357,0.59262425,1.2548809,-8.086219,1.2063057,2.6749306,5.465721,6.544335,-2.41601
8x18,4.2248087,-5.508029,-1.0964234,-4.2711406,3.4457216,-5.0145817,-4.897979,10.312172,-0.01491037,4.726623,-4.08566,4.042885,-0.058576107,0.55054885,-10.009748,0.6442461,-0.27130616,1.4109852,-1.7353787,-1.2024845,5.473095,-2.1940284,-0.9991927,0.7971746,-8.424697,1.6659728,2.1420376,4.506035,8.051571,-1.5684988
8x19,3.5213614,-4.629643,-2.490293,-5.021869,0.4637276,-4.253211,-7.775813,12.656541,1.8151448,4.786454,-2.893171,1.8024582,2.9406965,0.8354435,-11.051177,2.1838145,-0.75856984,2.99432,-0.42121077,-5.452634,5.160655,-2.3829494,-2.9952745,-0.99847823,-10.33893,2.837756,-0.1578039,3.9707325,8.223303,0.17511952
9x13,2.0446532,-5.602474,-5.2722,-4.899995,9.180104,-1.7078534,3.359232,8.067994,6.0428386,6.8840885,-5.188614,5.558133,-3.4446077,0.049122214,-9.335556,10.196829,-3.683368,4.2522492,-2.7684975,-2.2012846,1.5129073,0.3339535,0.056089044,3.6298869,-7.0418377,3.319654,0.9997466,6.734971,4.202852,-1.9905604
9x14,1.9694151,-3.821225,-5.521809,-5.3556976,8.805317,-5.453919,1.3404975,8.133734,3.3659651,4.3385673,-5.545373,6.8422956,-3.8646665,0.25259995,-7.67942,6.8717556,-5.502955,4.7102723,-3.4661489,-0.41400552,2.4152713,-2.1747801,0.57365865,2.8105807,-6.8405805,2.569597,0.7431082,5.7236547,3.427932,-2.7772682
9x15,1.923099,-2.9635336,-4.1840305,-4.9782834,8.9748745,-8.056881,0.9413713,6.86451,1.3784463,2.2765675,-5.113733,7.4042096,-4.5968533,0.7116374,-6.6092043,4.003175,-5.7123003,5.6015043,-3.1975565,1.7762454,1.8392026,-3.558542,0.77293295,1.7967945,-7.869466,0.7629078,2.164112,5.512941,3.3835669,-3.9096382
9x16,1.9444885,-3.6678162,-2.8302379,-4.270333,8.596556,-9.045368,0.6159758,6.604803,0.48301446,3.1782994,-4.535434,7.1312575,-4.7442794,1.5033444,-6.330339,1.8503672,-5.0394087,4.9570527,-4.246133,2.4302692,2.9073324,-3.7894254,1.4775697,1.9090215,-7.278824,1.2233356,3.013513,5.6402574,4.4216986,-3.8303938
9x17,3.6762817,-5.339865,0.25962284,-3.7709596,8.770853,-6.70782,1.1959409,7.6520367,-0.37112582,5.9163446,-2.5062122,7.7776895,-5.4554634,1.8890045,-9.252161,-0.27285242,-1.2671964,2.0317414,-4.1742945,3.000776,4.784736,-2.223777,1.3550171,3.0008667,-6.1321726,1.2156621,4.370425,5.2153006,6.188048,-4.2507243
9x18,4.377289,-5.5139856,-0.17405179,-4.5022297,4.40637,-4.7480803,-2.6264632,10.400476,0.23285592,6.893997,-2.957456,5.755353,-2.2711563,0.9235884,-11.097569,0.19215083,0.3962256,1.2073417,-2.5589976,-1.5351639,5.9551983,-1.500708,0.24146545,1.8544887,-6.2375097,2.2990165,2.4950802,4.8380194,7.2783337,-2.0418525
10x13,3.9848719,-6.3545704,-2.820264,-5.728836,9.471128,-3.5337038,3.8639452,8.107962,5.4976187,5.267219,-3.7854285,4.885373,-0.519688,1.8949671,-10.8668995,5.8066535,-4.085113,-0.33321968,-2.1980398,-1.4045987,1.6573455,-2.9927948,4.605794,1.5394741,-6.438904,5.6935406,0.34391734,6.8087735,4.026222,-0.034643292
10x15,2.008933,-3.1938047,-4.127788,-5.433145,8.993148,-8.773905,0.69006246,7.2763157,1.1246169,2.9230628,-3.9152486,8.153312,-4.2826777,0.94398993,-6.996898,3.0082881,-5.8905897,4.506131,-4.2452602,1.3060348,3.4297607,-3.9940746,1.0916336,1.8515517,-6.555634,1.6711612,1.2366931,5.0253005,3.1951141,-3.8021827
10x16,3.2247684,-4.9665213,-0.38555261,-4.055112,9.759508,-7.501625,2.3396013,6.748837,-0.15263242,5.175618,-2.691769,8.686289,-6.6162624,1.3153893,-8.450449,0.6395881,-2.8178797,2.4853325,-4.7657943,3.5215888,4.619782,-3.0513241,1.4977196,3.310628,-5.3361464,1.4282196,4.2706146,4.85075,4.8638816,-4.7891335
10x17,3.687497,-5.872349,0.8559826,-3.5908437,9.916466,-6.6527243,2.884128,7.706895,0.20340985,6.8590593,-1.6694032,8.686228,-6.8071966,1.3784052,-9.402563,-0.042767525,-1.6095366,1.3404102,-4.786207,3.0975425,5.2514005,-2.0515556,1.9873266,4.106704,-4.7978396,2.247644,4.243254,4.791417,5.840036,-4.379029
10x18,4.967558,-6.700037,2.4163811,-3.0974796,8.418655,-4.5873384,2.1886084,8.532611,-1.0315461,8.942544,-2.5434794,9.339394,-6.432312,1.2798727,-11.727209,-2.0770998,1.0299902,-0.9588085,-4.239515,3.5887318,6.788583,-1.0826669,2.2218685,4.927163,-3.4634166,1.8619086,5.079407,3.6207747,7.2529416,-4.527065
11x12,5.6886387,-5.559703,-0.69088376,-6.9105353,10.166475,-7.1862926,2.7930808,6.479738,3.7436218,2.4989598,-1.3401484,4.3680243,3.6064594,4.3924704,-11.133607,-0.01775229,-5.3954268,-4.2479415,-2.6501474,-0.4593277,1.6353954,-6.1585336,8.188798,-2.0307095,-6.619173,7.3322206,0.52825963,7.3653026,3.2558413,0.5236382
11x13,4.397547,-3.9825277,-2.936191,-6.0752754,8.66384,-7.3893037,1.1415389,7.2680726,2.524151,1.7417619,-3.1005564,5.9911003,0.56078416,1.1175218,-9.1063385,3.31658,-5.4932246,0.5951711,-2.1146255,-0.7551097,1.9601495,-5.116987,3.6455526,-0.07283461,-7.390686,3.4035017,0.2632327,5.6163197,3.706758,-0.79595083
11x14,3.5266407,-3.719585,-3.1124759,-6.0872717,8.934098,-8.464969,0.78623956,7.2610445,2.034031,1.3551433,-3.3077788,6.896705,-0.16805315,1.2946616,-7.9360538,2.5053797,-6.2501626,1.8930315,-3.2843323,0.04749739,2.6281185,-5.297421,2.6459384,0.17360562,-7.1736784,3.7483518,-0.0648132,5.3238945,3.5052135,-2.4767208
11x15,2.586529,-3.24563,-3.8213296,-5.4653068,8.71724,-8.439741,0.033921063,7.112544,1.0303483,1.5352235,-3.3680472,8.366076,-2.846452,0.2551509,-6.6688695,3.3630931,-6.0247455,4.5940847,-4.2673335,1.6508749,3.5176454,-4.389245,-0.30143374,1.9096389,-6.8269815,1.922387,0.9537697,3.8820987,3.7153704,-4.4239516
11x16,2.5204859,-3.7965922,-3.1358404,-5.078119,9.65863,-8.5415535,1.0517423,7.380058,0.8516567,3.217976,-3.1505961,8.302628,-4.9088507,0.80010635,-7.30016,2.8420217,-5.376517,3.85203,-4.7288475,2.005419,3.8019757,-3.9637249,0.9165057,2.382101,-6.2766623,1.9993793,1.4758489,4.4343166,3.6976233,-4.055249
11x17,3.9250567,-5.9688797,0.6226232,-3.4177566,10.09103,-6.7442317,2.5254095,7.19316,-0.5005954,6.222994,-2.1008112,9.127683,-6.6393995,0.7684393,-9.320953,0.40574145,-1.43403,0.45269293,-5.000272,3.4995058,5.796791,-2.2492933,1.8402414,4.617734,-4.3533864,1.7908376,4.054585,3.492388,5.752434,-4.0007715
12x12,5.183915,-2.1090684,-1.7022382,-5.9598036,8.182702,-7.999651,-0.41889042,6.8636146,0.7455257,0.32486564,-2.9591634,5.737217,1.8203142,1.0661788,-8.658054,1.108753,-5.918702,-0.5140116,-2.9626217,0.16865194,2.3775325,-6.193047,3.050941,-1.7300668,-6.7681665,4.404097,0.7944967,6.1255436,3.4224668,-1.4711261
12x13,4.4417734,-2.5525904,-3.1811721,-6.2910757,7.832943,-7.950513,-0.35392457,7.2992177,1.2315941,0.7532982,-3.3749733,6.6732397,1.3263686,0.6436194,-7.9569416,2.145217,-6.1078033,1.5110459,-3.4716153,-0.23967218,2.703825,-5.263702,2.1584322,-0.46116722,-6.8307652,3.8055885,-0.12785101,5.8745933,4.075736,-2.451037
12x14,3.314098,-1.7662402,-4.7163568,-6.0340943,7.4726343,-8.70707,-1.4896603,7.2833133,0.62536854,0.05286403,-3.9950697,7.788101,-0.7559748,-0.6058155,-6.439023,3.7888737,-6.523653,5.0404425,-3.6837285,0.06419206,3.2230802,-4.934373,-0.49843842,0.27751547,-7.2745695,1.853507,-0.30515802,4.399635,3.6778076,-3.7506428
12x15,2.6856637,-2.4541874,-4.913108,-6.025281,7.828561,-8.837885,-1.3456692,7.7973113,0.6200013,0.34372395,-4.553113,7.958025,-1.3758681,-0.68149406,-6.400085,3.8086555,-6.774727,4.7183,-3.8279438,0.6703874,3.614374,-4.4117303,-0.34115922,1.2811879,-6.6956997,2.0091944,-0.61412615,3.45254,3.7733943,-3.939704
12x16,2.8054738,-3.7159991,-3.1613057,-4.7801485,9.607235,-8.158725,0.59215957,7.09772,0.67341614,2.0826192,-2.9682293,8.218281,-3.6887746,-0.046647668,-6.8373623,3.308374,-5.4148293,3.726137,-4.766362,1.9896584,3.9084373,-3.7778013,-0.13046718,2.7437067,-6.8045387,1.9340223,1.2062384,3.2688327,4.216916,-4.0810547
12x17,2.8601654,-4.7087994,-0.4145216,-3.2342138,11.107553,-7.592355,2.2194138,8.197118,-0.79251784,5.618227,-1.9488766,7.7301836,-6.086501,0.588699,-7.269926,2.6736217,-2.7648067,0.8838845,-6.4404097,2.8153744,5.039337,-3.091333,1.4774506,4.397273,-6.1593623,3.188615,1.8345683,3.6634552,5.3484354,-3.1487298
13x11,4.0553293,0.42160594,-4.0842495,-5.740321,6.0210924,-7.209051,-4.3755054,7.4814334,-2.1879663,0.3639997,-5.1165032,6.996734,0.4286065,-0.8917346,-7.1094112,2.7158928,-6.5040846,1.677646,-2.494567,-0.018853188,3.3448038,-5.414528,-0.66405106,-0.9380828,-6.290992,2.1525042,-0.051053286,4.2648582,3.7167945,-1.9134018
13x12,4.7130556,-1.7117212,-2.5895908,-5.714389,6.737649,-7.7860765,-1.6275601,7.3763037,-0.15261105,0.7524135,-4.303883,6.7267637,1.4962707,0.7458665,-8.428284,0.9680104,-5.9417696,0.45264927,-2.8122861,-0.17358518,3.3382158,-5.5099673,1.5330962,-0.92732674,-6.1151114,3.7765205,0.2956236,5.7457495,4.135764,-1.9543116
13x13,3.7886481,-0.6662512,-4.183206,-5.6449447,6.5286736,-8.285578,-2.479624,7.5659924,-0.6488193,-0.24834004,-4.535661,7.471546,-0.119473875,-1.18835,-6.8871355,2.824667,-6.526888,3.8009958,-3.3180032,0.4635309,3.538293,-4.7220435,-0.9263045,0.18019193,-6.585068,2.1881146,-0.059782267,4.348856,3.980477,-3.59579
13x14,3.290584,-1.1268716,-5.3840513,-6.149976,6.3835597,-8.167563,-2.4042554,8.114106,-0.20924515,-0.188631,-5.1283884,7.964497,0.10016197,-1.2920222,-6.439942,3.1710517,-6.8126144,4.5646405,-3.5148492,0.26939666,3.667157,-4.5401993,-0.75536084,0.6785821,-6.2392054,1.8244622,-0.99538314,3.7976499,4.206999,-3.9709759
13x15,2.6982362,-2.104317,-5.286248,-6.054987,7.5411644,-8.562962,-1.6889501,7.55828,-0.123875976,0.22110642,-4.8154454,7.8923135,-1.0630131,-0.79334694,-6.404034,3.4641523,-6.631332,4.857542,-3.244087,0.37837505,3.4474478,-4.4913363,-0.46478856,0.9194703,-6.625224,1.5709708,-0.2667936,3.3274622,3.7388377,-3.8916726
13x16,2.305188,-2.6346169,-4.2545056,-5.036765,9.106199,-8.249181,-0.7353875,8.307677,-0.010578096,1.7862774,-4.2633915,7.3894215,-2.5719557,-0.4935125,-5.9628973,3.8527856,-5.7340407,3.5881803,-4.814669,0.6064508,3.8667164,-3.5794876,0.2538879,2.1653466,-6.9085703,2.8825336,-0.7465846,3.4553761,4.1812515,-3.332251
13x17,3.247583,-3.9469528,-1.0699258,-2.7858176,11.720548,-7.1795483,1.3428612,8.627506,-0.8951907,5.1873884,-2.6365643,7.3189554,-4.9481573,0.9080218,-5.8925548,3.8745286,-3.1940877,1.1802822,-5.9191723,2.1946778,4.845056,-2.6205976,1.5956473,4.7582245,-7.3129673,4.6265144,0.19377863,2.725608,5.207389,-1.9805939
13x18,4.0351954,-0.09021282,0.39703202,0.4139369,11.388451,-7.2959876,-0.6409182,12.231798,-5.82665,5.1205893,-4.3394003,4.4230614,-2.2156086,0.03543049,-2.727221,5.217471,-1.3777142,-0.6539543,-7.2784133,-0.0026772916,6.0851398,-2.7175891,2.9350867,4.582486,-8.2660675,6.859158,-4.9509616,2.194179,4.97239,1.3277903
14x7,3.4154112,-1.8098943,-6.5643964,-3.5907602,7.036973,-7.8560987,-1.9519165,8.141567,0.13557601,3.5548062,-6.2252145,8.58246,-1.802782,0.67715824,-8.157454,2.6729093,-4.9134417,3.0105712,-1.3214719,0.44066572,4.032187,-4.56726,-1.5556962,3.9221227,-6.5796943,0.065303445,-0.5923246,2.1176999,3.1028583,-2.6390495
14x8,3.4247177,-2.018211,-6.7551417,-3.8427284,8.266604,-7.1362224,-1.7726636,9.836895,0.06247115,4.244766,-4.9811606,8.113152,-1.5633689,0.72726506,-8.26253,2.899857,-4.6896496,3.5739357,-1.6328392,0.95367324,2.5976858,-4.4981055,-1.4104578,3.9153905,-6.5946336,0.8195133,0.23230684,2.2932918,3.0632238,-2.2340238
14x9,3.7881088,-0.9154544,-6.9793835,-4.4616885,6.6925287,-7.263538,-3.652874,9.679458,-0.77474,2.5248237,-5.0956607,8.318266,-0.037003994,0.5450696,-7.8074713,2.6197667,-5.076913,4.0865088,-0.44740486,0.21718812,2.4494627,-4.5191245,-1.3077567,2.7827635,-5.6219363,1.0720187,-0.3756404,1.872927,3.0772295,-1.5704603
14x10,3.5498433,-0.87647176,-4.973631,-4.9439774,6.853767,-6.952759,-3.4829803,8.570735,-1.3211684,2.2677307,-4.7365146,7.649507,-0.437059,0.29038668,-7.979779,2.6294448,-5.529205,2.4241629,-1.2401707,0.6934916,2.7951305,-4.5280037,-0.8764416,1.9332623,-6.5240493,1.4968944,0.1343745,2.7012577,2.8174033,-1.8642697
14x11,3.511849,-0.9774649,-4.921276,-5.4314322,6.0469646,-6.9334044,-3.3721228,8.439587,-1.3859136,1.7619967,-5.0870266,7.9126296,-0.071469665,0.3234276,-7.6170273,2.0106454,-5.6416535,2.1283216,-1.9777253,0.4382429,3.0631917,-4.0704775,-1.1132252,1.6048818,-6.0705132,2.058691,-0.12749487,3.544533,3.5665793,-2.2130463
14x12,3.8076131,-0.43745565,-4.584956,-5.807822,5.8952994,-7.5928774,-3.412121,7.698466,-1.6652858,0.17259759,-5.212247,7.476991,0.15805513,-0.6915683,-7.060219,2.1135514,-6.6551304,2.7519336,-2.2979627,0.056957364,3.6685774,-4.692219,-0.8989296,-0.21888614,-5.9129906,2.0835483,-0.14052212,3.8873286,3.9408584,-2.4945486
14x13,3.4452944,-0.81152534,-5.074266,-5.8731356,5.7922993,-7.879351,-2.8388436,8.102889,-1.1244582,-0.017433405,-5.506162,8.003166,0.38840628,-1.0197802,-6.7305565,2.3695245,-6.672849,3.7068152,-2.6670454,0.06722307,4.0858455,-4.4405823,-0.8933436,0.46139544,-5.6784024,1.9476361,-0.65848887,3.4962294,4.4892397,-3.2657595
14x14,3.1261775,-1.0804069,-5.2713223,-6.1559668,6.0967646,-8.213697,-2.7491932,8.096204,-0.89283645,-0.45614284,-5.438838,8.002537,0.044208825,-1.1812129,-6.75913,2.608814,-7.016763,4.3846884,-2.6358423,0.62610704,3.7290084,-4.5417376,-0.5695346,0.76403797,-5.668272,1.6774166,-0.54533476,3.2935314,4.0609136,-3.905191
14x15,2.5092077,-1.8564266,-5.590784,-6.166691,6.946233,-8.012961,-2.1478305,8.193342,-0.17463014,0.6380172,-5.2629933,8.208638,-0.79923224,-0.64204276,-6.8489466,2.6127563,-6.8502827,4.2597275,-2.8773074,0.47929263,3.760078,-4.1139297,-0.44640762,0.96049535,-5.858111,1.9402934,-0.76431143,3.5013566,3.8486865,-4.375693
14x16,2.7304103,-2.7643578,-4.149923,-4.9730496,9.874828,-7.6868057,-0.79138005,7.9482813,-0.30370104,2.7468305,-4.46424,7.5499735,-2.768424,1.0032287,-6.5186095,3.381595,-5.478167,3.5666044,-3.306881,0.37596673,3.8998652,-3.1355724,0.865873,2.2719252,-7.157353,3.3404593,-0.31984174,3.0093231,3.255534,-3.1609883
14x17,2.8996987,-1.9189103,-1.1550056,-2.2775726,11.409332,-7.5227857,-0.03332311,9.368769,-1.9250345,4.7187414,-3.4358413,6.9709735,-3.7153375,1.144902,-5.6690407,4.016208,-3.8000288,1.4486058,-4.7822227,0.60765994,5.0402737,-2.3938704,1.5252144,3.3779263,-7.777274,4.711398,-2.4066024,2.640849,4.1604805,-1.1852797
14x18,4.044817,0.0133116245,1.1892078,0.008991763,11.105865,-7.038523,-0.71952367,11.597843,-5.642248,5.5153165,-3.6515357,4.8422174,-1.9860711,1.0033293,-3.3100631,4.706623,-1.8082771,0.22879949,-6.35203,-0.51321024,5.501441,-2.7662919,2.7188509,4.068553,-9.005422,6.3533516,-5.029134,2.653996,4.3949137,1.0395285
15x5,3.3136535,-0.47358358,-5.6468935,-3.4959135,6.907138,-8.784843,-3.6113262,5.8721128,-0.2538103,2.0016334,-7.2110786,7.2927265,-1.325113,0.98926294,-9.813195,1.3500715,-5.028569,2.2882516,-2.1880288,-1.7391884,7.255682,-5.474792,-1.3232954,-0.45526505,-3.03342,0.9746964,-2.8922176,4.6610203,4.9726367,-3.196498
15x6,3.5437,-0.44606316,-6.264776,-4.0546107,6.0981016,-8.383218,-3.493053,6.873224,-0.38462383,1.2790806,-6.9290586,7.79675,-1.0434818,-0.6869496,-8.267001,2.2769475,-6.176171,3.3573577,-1.7396219,-1.0083246,6.179307,-5.211634,-1.592031,0.41409707,-4.51872,0.6064359,-2.4418263,3.4886518,4.127294,-2.7513998
15x7,3.6454766,-1.0007057,-6.733058,-3.9268892,7.2261696,-8.007936,-2.5331914,7.618618,-0.33012158,2.1106942,-6.166102,7.6425004,-1.4767828,-0.519989,-8.488713,2.4107902,-5.9482784,4.051402,-1.8263098,-0.3263626,5.1720204,-5.1014075,-1.5192935,1.2849996,-5.1324306,0.97752166,-1.829665,3.133028,3.839101,-2.3909154
15x8,3.6182268,-1.504488,-6.605989,-4.137671,7.356596,-7.65353,-2.1154017,8.416995,0.013539553,3.0274038,-5.7935295,8.134349,-1.4295797,0.25865802,-8.21438,2.7772763,-5.674106,3.392329,-1.4657551,0.4813875,3.8176992,-4.506714,-1.3087776,2.7033913,-6.3099856,0.52767944,-0.67311096,2.4518366,3.230792,-2.4210799
15x9,3.6349928,-1.6979878,-6.225341,-4.781961,7.75922,-7.077531,-2.5451221,9.042938,-0.44509077,3.1542935,-4.908266,7.8782053,-0.9926727,0.5292542,-8.126411,2.9362278,-5.524368,3.419157,-1.454382,0.75089335,2.8668714,-4.4205823,-0.89788646,2.8041048,-6.2613745,1.2534746,-0.068317056,2.33243,3.0471218,-1.9103184
15x10,3.8186395,-1.5028214,-5.5784035,-5.557764,6.4871073,-7.015169,-3.114634,8.2750635,-0.9213437,1.9284838,-5.1412735,7.968466,-0.09072673,0.6356358,-7.752493,2.5045838,-5.746264,3.23891,-1.0421255,0.20733607,2.861015,-4.0529666,-0.50789934,1.7241988,-5.7863817,1.6524978,-0.29562676,2.6957264,3.1986501,-1.3436427
15x11,3.507505,-0.68546474,-5.0818086,-5.855896,5.9306974,-7.670934,-3.3815787,7.820559,-1.7817953,0.10312118,-5.123403,7.3291035,0.44700116,-0.68750906,-7.4070888,2.1617672,-6.8852463,3.2882462,-1.2936745,0.09741473,3.4202843,-4.5885563,-0.5675559,0.12290454,-5.414735,1.9316446,-0.41680968,3.017562,3.408687,-1.5673096
15x12,3.5601864,-0.52650714,-5.309907,-6.290126,5.460845,-7.4558697,-3.5579283,7.781754,-1.7438247,-0.14045796,-5.2528095,7.9663525,0.8662673,-0.5971613,-7.013962,2.0462313,-7.0402365,3.340622,-1.6574976,-0.1861161,3.7460637,-4.4480352,-0.6284909,0.22148705,-5.148588,2.1231086,-1.0200105,3.2131143,4.146906,-2.126339
15x13,3.5380318,-0.9409076,-5.0934467,-6.282212,5.58047,-7.8649464,-3.0561075,7.9502654,-1.7204856,-0.36507243,-5.497579,7.8283396,0.41095963,-0.71499133,-6.891955,2.0032687,-7.0782833,3.4253397,-1.737895,0.3728192,3.8354044,-4.6510296,-0.33211106,0.216241,-5.303368,1.6475792,-0.5519484,3.3610964,4.0528345,-2.6408145
15x14,3.0174031,-1.3516248,-5.5318656,-6.075407,6.063987,-8.082819,-2.8524895,8.3446,-1.0178741,0.08848536,-5.5854454,8.048689,-0.06857395,-0.6237826,-7.1654673,1.9155669,-6.9824953,3.8003197,-2.090537,0.526477,3.9974103,-4.197136,-0.5868958,0.7374849,-5.0550604,1.89409,-0.70770806,3.2035742,3.921102,-3.7046447
15x15,2.7790635,-1.7331564,-5.5709653,-6.386744,7.016596,-8.148734,-2.5784526,8.0934925,-0.5263026,0.3166385,-5.2567325,8.030099,-0.6958843,-0.10527027,-7.580289,2.0279653,-7.0445886,3.9735615,-1.6958561,1.0218284,3.658033,-4.2806964,0.17372322,0.72905135,-5.3256617,1.807869,-0.6322193,2.6562586,3.2757158,-3.6163867
15x16,2.2601626,-1.7425302,-3.9789147,-5.435612,8.64804,-7.671549,-1.8524275,7.875806,-0.6258106,2.426043,-4.6837664,8.279306,-1.7192261,1.1267762,-7.5102196,2.4751396,-6.263876,3.206706,-2.0215611,0.4046831,4.0545297,-3.907537,0.459812,1.0618275,-6.541609,2.0153377,-1.2424335,3.0680692,3.2294226,-3.7571428
15x17,3.4159017,-1.9493995,0.21268684,-2.5948129,10.805304,-7.295935,-0.5172686,7.7125072,-1.925281,5.3627286,-3.3522983,7.9057584,-3.2531588,2.3102646,-7.524976,2.9318597,-4.3173184,1.765351,-2.7195225,0.34013247,4.5517807,-3.0288897,1.0360297,2.891549,-8.545567,3.3307111,-2.1253192,2.8077133,3.156432,-1.9366835
15x18,4.2269707,0.014225721,1.9808908,0.34941077,8.120619,-6.0275292,-1.1059871,11.863842,-5.5522213,5.871646,-2.9880056,6.7132354,-0.9282794,0.6017219,-5.840286,4.4787316,-3.6480327,2.8972178,-5.480261,-0.46071047,4.8898787,-2.9650524,1.8153868,3.7805467,-8.037669,5.449536,-4.620482,3.4227855,3.1336699,-1.470886
16x3,6.1592865,2.3542185,1.7680577,-3.289111,9.402479,-4.415686,-14.868173,12.850658,0.035068214,4.6380186,-6.419031,6.411811,2.8406196,-2.775677,-5.886816,5.833846,-2.8255274,-2.1434207,-10.111286,-1.5079197,-5.3939877,-6.6289043,2.0705783,3.7694473,-0.71790624,-3.6918962,6.291387,2.8131223,1.4285939,-6.503852
16x4,3.8092787,0.7715726,-4.375384,-2.190437,7.6276236,-8.337184,-4.2997637,8.350488,-2.4633148,1.9994997,-4.851282,6.36572,0.5417115,-0.24664903,-9.114331,0.9606857,-4.622066,3.238327,-4.201581,-4.1537704,-1.1425943,-6.3189154,4.0697393,1.2296904,-1.5501761,-1.3537384,1.148215,1.5223581,3.810202,-3.561716
16x5,4.2420907,0.23720515,-4.231826,-4.1315536,7.0545692,-7.4858804,-6.386458,8.053374,-0.4002471,1.9598751,-7.0771437,7.144191,-0.37794024,-1.26069,-8.084695,3.0807605,-5.516252,1.6216795,-3.8108006,-1.23516,3.9165173,-5.2568974,-0.265791,1.0887944,-3.5951743,-0.46746063,-0.49739158,3.4963093,3.6322856,-3.9740813
16x6,3.6997237,-1.0326985,-6.139759,-4.3233795,7.317378,-8.162737,-2.482623,6.777078,-0.2248416,1.7025143,-6.7043967,7.0339546,-1.6770258,-0.665973,-8.8960085,2.2660022,-6.320943,3.0573163,-2.4455245,-0.7137153,5.966676,-5.079123,-1.1619053,0.037840366,-4.8968287,0.65850556,-2.3397303,3.7246428,4.0160627,-2.6524413
16x7,3.8550978,-0.6425458,-6.174142,-4.7456856,6.4754477,-7.7793326,-3.1668057,8.1727705,-0.4367059,1.2663045,-6.2626457,7.487548,-1.119003,-1.5587289,-7.9867125,2.9016457,-6.977359,3.8338413,-1.8997374,-0.27722502,4.491288,-4.9658093,-1.0511907,0.4914593,-5.7724066,0.3554864,-1.6204846,2.8481984,3.2502952,-2.354591
16x8,4.0991063,-0.87655723,-6.298279,-4.9997096,7.216774,-7.454017,-2.9530163,8.433341,-0.43591475,1.5553236,-5.49762,7.178137,-1.0534945,-1.256324,-8.199826,2.8937783,-6.8942833,4.4808025,-1.7538795,0.31227934,3.7420435,-4.541916,-0.78190994,0.8858336,-5.713771,1.1455712,-0.9357896,2.5835931,2.9440732,-2.0523212
16x9,3.9384253,-1.4824063,-6.0382156,-5.206009,7.17373,-7.251512,-2.4084282,8.566777,-0.4194367,1.9708138,-5.1186414,7.584991,-0.69495875,-0.20288122,-8.050684,2.6886394,-6.462736,3.5038006,-1.4387991,0.7723714,2.8892455,-4.3925357,-0.27910537,1.8662343,-6.024876,0.9604953,-0.4629445,2.552355,2.8602977,-1.6841874
16x10,3.986246,-1.0549895,-5.743297,-6.2058425,6.407605,-7.4121284,-3.1742291,7.987728,-1.2234102,0.20388073,-5.06976,7.5564013,0.616784,-0.6602099,-7.4638424,2.4563494,-7.1974072,3.8005254,-1.0320392,0.16384733,3.0906067,-4.5511665,-0.18024015,0.20342147,-5.158582,1.6605318,-0.77827096,2.791309,3.4364142,-1.2768168
16x11,3.9923182,-0.88279223,-5.284561,-6.287758,5.754195,-7.381551,-3.3362112,7.411764,-1.6946555,-0.17610998,-5.2281747,7.8856254,1.0239216,-0.54503036,-7.036137,2.1437438,-7.0750375,3.7214053,-0.7058284,-0.15209079,3.3207116,-4.619426,-0.13775009,-0.108251095,-5.114951,2.123255,-0.6922747,3.13801,3.5362694,-1.1279246
16x12,3.744563,-0.9786975,-4.866864,-6.316551,5.721084,-7.729556,-3.154446,7.755639,-1.995892,-0.4802745,-5.361755,7.4608135,0.9410112,-1.0389208,-7.2744665,2.2214673,-7.3324604,3.3275251,-1.2187304,0.3199675,3.7145104,-4.5962152,0.078285575,0.20139861,-5.0556374,1.8237202,-0.9484776,3.046483,3.6453295,-1.429016
16x13,3.6174006,-0.8445318,-5.2383842,-6.319589,5.472982,-8.026026,-3.1735592,8.34317,-1.3949059,-0.62986696,-5.311305,7.741352,0.657869,-1.1174793,-7.346988,1.8154114,-7.10528,3.5522914,-1.7565315,0.51604414,3.7640357,-4.4406543,-0.37059778,0.52387774,-4.758963,1.8167167,-1.1012518,3.2329009,3.8025832,-2.2257836
16x14,3.2270362,-1.2741784,-5.527743,-6.4245815,6.335567,-8.103214,-3.0304737,8.140495,-1.2078809,-0.6200987,-5.153074,7.6707573,0.27155608,-0.5429766,-7.4408092,2.0829287,-7.188781,3.5860727,-1.4280657,0.7913271,3.6266315,-4.8005733,-0.2749926,0.08387983,-5.2336254,1.3764772,-0.51205766,2.6727173,3.467663,-2.6403458
16x15,2.8667583,-1.4525743,-5.0663424,-6.3424454,7.1049967,-7.6848364,-3.0193748,7.984557,-0.67650336,0.6993163,-5.222829,8.390442,-0.5351013,0.2832235,-8.033326,1.9926507,-6.936725,3.1547136,-1.5855033,0.8548622,3.913062,-4.510984,-0.067720175,0.63517797,-5.2968044,1.5515747,-0.7286111,2.6929195,3.3853192,-3.427113
16x16,3.057178,-2.008314,-3.1597273,-5.6045775,9.151813,-7.487154,-1.2509493,6.560728,0.17854762,2.9977772,-4.122876,8.719443,-2.3752723,1.97106,-8.912688,1.6868047,-6.3139696,2.9720821,-1.2138085,0.8292376,3.0916023,-4.302983,0.45184398,0.9157614,-6.8242874,1.6658102,-0.19069958,3.2109199,3.048705,-3.4286923
16x17,4.1330614,-1.5689347,0.7567955,-2.4467561,8.993256,-6.598945,-0.45302546,7.078371,-1.6626182,6.081071,-3.1772285,9.037693,-2.7134914,2.0184498,-9.253602,2.7587929,-5.247429,2.6030743,-2.5406933,0.2999897,3.766707,-3.61093,0.062244892,2.6186337,-8.237825,2.1698713,-2.105765,3.638827,3.2416935,-3.643518
16x18,5.2459493,-1.4607545,2.972532,-0.52621543,5.9814415,-5.2926693,-0.7678598,9.128978,-4.3338456,6.1846743,-1.9307909,8.862013,-0.119546175,0.46224818,-9.497743,3.5189252,-5.7484736,3.996584,-3.293897,0.22352606,3.6773672,-3.7941384,0.87766314,3.9878712,-8.229585,2.7547526,-2.5506692,3.9056587,2.8181329,-3.4843125
16x19,4.7891955,0.09338868,3.1335402,-1.1429257,2.280795,-3.790369,0.45601344,10.819809,-6.9648294,4.607061,1.124814,7.830869,0.59937936,-1.4901366,-9.290678,4.1030955,-8.489197,4.7094464,-6.886651,-1.4828141,1.8303849,-3.6097713,0.27113533,1.8499165,-8.209457,-1.3306708,-2.426744,5.9975414,2.9762592,-3.7507405
17x4,3.9150457,0.7131157,-4.9142585,-2.4269588,8.014487,-7.315614,-3.288537,9.001213,-3.4471436,1.7604234,-4.8930883,6.2186956,1.033208,-0.79775655,-8.386227,1.0393472,-4.7904873,3.8063502,-4.273872,-4.7998037,-3.265295,-4.9858656,5.363293,2.4691443,-3.1770463,-1.9679857,3.3111463,0.3953536,3.012343,-4.006134
17x5,2.9170308,0.071183085,-7.064826,-3.2190368,6.9447927,-7.550978,-0.6099879,6.201729,-3.653448,0.400736,-5.6121655,5.9054747,-0.03403537,-0.613619,-9.024294,0.21933019,-5.678944,5.1702447,-1.9696517,-4.4148436,2.0387444,-3.915956,3.14115,0.04135245,-3.7494714,0.741485,-0.44602287,2.13692,4.3442864,-2.272053
17x6,3.9212742,-0.49069214,-5.77088,-4.9072356,6.359905,-7.7410274,-3.7117171,7.8675404,-0.8478669,0.73724914,-6.7426023,7.054806,-1.1482608,-1.8963587,-8.282726,2.8409214,-7.18256,3.3785508,-1.9563632,-0.790252,4.6375685,-4.6963935,-0.28290254,0.2316311,-5.578011,0.080675006,-1.7425096,2.834662,3.0732813,-2.5990174
17x7,3.7428355,-0.74032545,-5.8899045,-5.262994,6.6849475,-7.5852876,-3.142366,8.503566,-0.8129703,0.8718262,-5.9563456,6.7821093,-0.8945483,-2.0206819,-7.7648916,2.9299157,-7.7692404,4.0258684,-2.015075,-0.041492224,3.8814926,-4.7771053,-0.3803938,0.09295821,-5.8183384,0.6206955,-1.4851239,2.952571,2.818482,-2.2705197
17x8,4.1158166,-0.911059,-5.883177,-5.337798,6.643645,-7.4402895,-3.1239898,8.558511,-0.74194944,0.8062738,-5.759819,7.008858,-0.64949083,-1.6072917,-7.808988,2.8150234,-7.5046787,3.6122744,-1.5382781,0.5500678,3.5780575,-5.0197344,-0.18718702,0.26497442,-5.801185,0.72983134,-1.4267758,3.0333104,2.9114857,-1.6285477
17x9,4.4247856,-0.8662202,-5.420862,-5.6975355,6.634474,-7.287318,-3.169996,8.111839,-0.81412005,0.23892355,-5.2267604,7.379689,0.31039172,-1.4625778,-7.8257513,2.4828446,-7.4934635,4.026006,-1.4389151,0.59082544,3.3255382,-4.616071,-0.29834765,-0.092547536,-5.165345,1.0457352,-1.2317858,3.0498033,3.197131,-1.2063565
17x10,4.4502344,-0.50499177,-5.3388476,-6.082979,5.7844133,-7.355297,-3.8926394,7.739125,-1.4153266,-0.5596355,-5.206282,7.851474,1.1002889,-1.2684989,-7.3291993,2.3095567,-7.6156225,4.0895433,-0.66633695,0.29298174,2.8919327,-4.480926,0.12396717,-0.23827553,-4.890154,1.5782173,-0.8713591,3.1390157,3.0605729,-1.0546362
17x11,4.404005,-0.9025883,-5.026323,-6.394343,5.912445,-7.3361664,-3.5424356,7.3414974,-1.8206636,-0.8198405,-5.701375,7.7424555,1.4311595,-1.4439821,-7.0600014,2.3007054,-7.484053,3.4243498,-0.76434463,0.3682412,3.2642686,-4.6116095,0.48619235,-0.089300394,-4.984364,1.7314894,-0.9347365,3.1116495,3.3502007,-1.151243
17x12,4.06075,-1.0034093,-5.0377483,-6.263786,5.694292,-7.7055025,-3.3218064,7.8882294,-1.7088313,-0.8495519,-5.518743,7.84916,1.2518855,-1.6358062,-7.057559,2.0332549,-7.169545,3.3347678,-1.3131173,0.30750966,3.5611966,-4.698304,-0.064233124,0.19463801,-4.834487,1.9502196,-0.9519072,3.2941537,3.6248326,-1.1114018
17x13,3.7363951,-1.1068255,-4.9165764,-6.485455,5.8643126,-8.043419,-3.4320807,8.164905,-1.5637343,-1.1841456,-5.083302,7.50616,1.1200812,-1.6512924,-7.2934155,2.266934,-7.4411206,3.1724157,-1.3590667,0.72576845,3.606675,-5.098431,-0.13163143,0.18512523,-4.9905467,1.4922149,-0.86096185,2.776766,3.4972863,-1.3059672
17x14,3.610695,-0.9478053,-4.947981,-6.4340153,6.238577,-7.9184504,-3.2110276,8.287333,-0.8411609,-0.48412222,-4.976743,7.792739,0.44095746,-0.79085565,-7.588648,2.1824222,-7.0009985,3.2524347,-1.7821355,0.5207412,3.3827372,-4.908759,-0.22170377,0.1867953,-5.0449514,1.5385224,-0.7724655,3.151284,3.569696,-2.0435174
17x15,3.369075,-1.7012506,-4.8555517,-6.394544,7.598421,-7.905787,-2.5546503,7.162649,-0.49762672,0.7080701,-5.082698,8.150453,-0.6208225,0.7471605,-8.165412,2.0504427,-6.602275,2.85968,-1.5060077,0.891307,3.0516207,-4.6420445,0.1091187,0.5661549,-5.764284,1.1698518,-0.08326256,3.0578604,3.4280016,-2.6444433
17x16,4.3812265,-2.0418847,-2.5427938,-4.783226,9.875365,-6.8926635,-0.7022875,5.093676,0.6356222,4.8572917,-4.65847,9.494648,-3.1337914,2.4304342,-9.184438,2.3126154,-5.457625,1.3244207,-2.2275023,0.791543,2.935562,-3.795811,-0.35991997,2.3296416,-7.374411,1.151082,0.2060413,3.3588018,4.077393,-3.2081788
17x17,5.322798,-2.700296,-0.22267604,-3.1891003,8.586482,-6.48506,0.14251721,4.9324493,-1.2259023,5.9536633,-3.687575,9.626224,-2.2792387,1.1804432,-9.714948,2.4391797,-5.889451,0.505694,-2.1131797,1.0985701,2.663715,-4.445982,0.490507,3.9455125,-8.558142,0.8223016,-0.23375845,3.701723,4.9550343,-2.5481207
17x18,5.188884,-1.2432418,1.2336271,-1.8613753,5.4941206,-5.2139015,0.33850563,6.887686,-4.6500063,5.8938036,-1.6879514,9.026409,-1.45066,-0.92586637,-9.448138,3.4524236,-7.1885905,1.1426136,-4.9436035,0.34697336,1.951948,-4.1159067,-0.09328306,3.411168,-8.085423,-0.25048244,-1.0448624,5.082255,5.461459,-2.9773176
17x19,4.8046765,-4.426956,0.15051284,-1.3758283,3.1707797,-3.6808019,-0.46050888,7.555392,-3.7050877,4.2697973,-0.18782973,9.712023,1.2182479,0.3268087,-9.540746,3.4189408,-9.896866,1.7371922,-3.267494,1.6887919,2.9604,-2.7226217,-0.23398817,6.828316,-8.556751,0.76284504,1.1214147,4.541032,2.942379,-5.5726204
17x20,3.7529087,-5.0930653,-1.6186243,-1.424666,4.0266495,-3.05708,-0.6785187,6.3709497,-1.9756706,3.1221597,1.1942543,10.384337,1.1175246,1.9810734,-9.36396,3.4256337,-10.37277,1.3681898,-3.2538533,2.6390939,4.633742,-1.2524261,-0.9254782,8.948967,-9.972744,1.6607893,2.0245736,4.428197,1.7067468,-6.192325
17x21,2.8292766,-5.858343,-2.4026108,-0.72108656,4.7788744,-3.221594,-1.2759669,1.9464788,1.2075061,1.7312529,1.7329834,9.29137,1.260006,3.68123,-6.681489,2.3796144,-8.509042,-0.5312293,-0.7014971,3.2266176,5.7274914,0.8626565,-0.9913839,9.242232,-8.712173,2.9715123,2.023831,1.5665386,0.28204507,-5.148875
18x4,2.1395886,-0.6122695,-8.544367,-0.6870614,8.289114,-7.619398,4.608213,5.846418,-6.7625732,0.39405465,-3.9467714,4.885886,0.62076104,0.96201706,-9.901024,-2.8167758,-4.3177586,7.40548,-1.1875544,-8.655878,-4.0454793,-2.5640705,8.988922,2.2715042,-3.413583,-0.12664509,3.4939346,-0.56680024,4.0579057,-2.9681869
18x5,2.7656195,0.04900229,-6.5224586,-3.9777074,6.757839,-5.95491,-2.1118472,6.2620935,-6.0243816,-1.0413048,-6.465189,5.642125,2.1238885,-0.81000125,-7.3897476,1.0134062,-4.3021207,4.6076474,-0.6108613,-4.579056,2.336883,-2.5952835,2.6141024,1.8945112,-5.669589,1.414897,1.9182181,1.6928971,3.8660774,-2.5814385
18x6,2.8089812,0.0690918,-6.513567,-4.4441032,6.221477,-7.2038937,-2.070029,7.312447,-3.9694571,-0.56259257,-5.5352106,5.894436,0.5431509,-1.7752374,-7.8614774,1.3665692,-6.82304,5.194769,-1.1783359,-3.168685,1.9829865,-3.708427,2.3280883,0.3820368,-5.067254,0.765972,-0.4727714,1.946833,3.5307462,-1.6575481
18x7,3.726818,-0.6491052,-5.359397,-5.394123,5.7205153,-7.416075,-4.165611,8.837629,-1.7173206,-0.23923084,-5.7790318,6.6773443,0.22981495,-2.2660942,-7.2026196,2.6355717,-7.9126787,3.6383154,-0.71618026,-0.02779913,3.5318615,-4.9788423,0.07714689,0.15741909,-5.560307,0.36478126,-1.8828604,3.2055316,2.7182212,-1.4025617
18x8,3.8774502,-0.6672256,-5.123156,-5.660199,6.0302963,-7.385095,-4.357394,8.597902,-1.4301972,-0.10690936,-5.1103954,7.0563207,0.38599572,-2.007597,-7.4804754,2.446693,-7.9833336,3.565844,-1.0636408,0.2910092,3.2435207,-5.0049458,-0.4488544,-0.3448696,-5.287675,0.71176785,-1.7764931,3.3052835,3.06574,-1.1469657
18x9,4.262846,-0.42039454,-4.953931,-5.854455,5.39711,-7.507528,-4.9979115,8.270126,-1.6355402,-1.2901039,-5.0857253,7.649662,1.2278589,-1.5616012,-7.2524743,2.0784156,-7.905365,3.8150272,-0.21520442,0.42696142,2.9565854,-4.992397,0.054790974,-0.4806236,-4.7278123,1.2147437,-1.3687822,3.4988716,3.0906544,-1.1729534
18x10,4.5616875,-0.524958,-4.924516,-6.046402,5.6881437,-7.3698854,-4.4434543,7.4881153,-1.761337,-1.3603425,-5.916095,7.8928924,1.8850111,-1.7395257,-6.9660296,2.2068229,-7.7265167,3.5076368,-0.6040535,0.48057914,3.5069284,-4.8311696,0.18862051,-0.26255518,-4.5906568,1.4124461,-1.0915754,3.1106517,3.1878438,-1.306768
18x11,4.419406,-0.6162129,-5.1188374,-6.262336,5.578214,-7.4615345,-3.9953773,7.8116565,-1.6892993,-1.2327262,-5.771638,8.069574,1.7240086,-2.1300702,-6.9413795,2.069551,-7.5316167,3.3168712,-0.9696259,0.35745573,3.0841527,-4.796474,0.42391175,0.16626489,-4.6816072,1.763303,-1.1745081,3.2926898,3.3267882,-1.1133271
18x12,4.0402822,-1.1580591,-5.309902,-6.547735,5.869584,-7.813594,-3.479794,7.8443995,-1.4494879,-1.3224053,-5.511258,7.802816,1.7325897,-2.1626441,-6.7928033,2.0822833,-7.391573,3.04657,-0.9333163,0.46858764,3.4050562,-5.0512805,0.20998943,0.22918248,-5.133575,1.6738118,-0.94125116,2.9620957,3.5116248,-1.2796136
18x13,3.8878224,-0.9932312,-4.858609,-6.553002,6.615501,-7.827984,-3.465959,7.754712,-1.0074824,-0.85297954,-4.6256833,7.9285755,1.0499545,-1.5123931,-6.66567,2.495091,-6.998037,3.1360726,-1.973438,0.3257228,3.1920664,-4.777808,-0.35230267,-0.0602898,-5.805955,1.8391168,-0.45169663,3.5511074,3.4539683,-1.6730262
18x14,3.6124063,-1.2547052,-4.800804,-6.644561,6.6241837,-8.038346,-3.3765292,8.0708475,-0.82938355,-0.5635338,-5.155624,7.78251,0.6597567,-0.8644,-7.345845,2.4698462,-7.074255,2.6387594,-1.9054928,0.5640086,3.1442833,-4.942681,0.0023844838,0.47068655,-5.3641005,1.2578566,-0.64535606,3.171785,3.4561644,-1.5703323
18x15,3.607764,-1.6341903,-4.8860807,-6.326173,8.046257,-7.7985992,-1.9268929,6.888949,0.6924027,1.5958624,-4.7711315,8.53643,-1.0763081,0.59187645,-7.589249,2.5055466,-6.3874645,2.5056572,-2.6097264,0.11585939,2.4448812,-4.320022,-0.16633487,1.0938671,-5.619881,1.246148,0.30078608,3.3486152,3.9184375,-2.3877518
18x16,4.4268284,-3.266934,-3.3597476,-4.645123,9.751325,-7.184717,0.17172176,4.1624246,1.1061765,5.579637,-5.2391524,9.785768,-2.5175526,2.295889,-8.376554,2.221383,-5.414316,0.18796557,-2.560657,0.97825456,1.6084038,-4.444586,0.5884427,3.729496,-6.954205,1.0775646,1.2575157,3.7683277,5.629713,-2.6086664
18x17,5.4675837,-2.1246083,-2.1957583,-4.1413355,8.144313,-5.927524,1.3641756,3.7124598,-1.7957609,6.8673954,-4.730209,9.597571,-3.4961507,0.3291688,-8.3148985,2.9258795,-6.0395947,-2.1961503,-4.6278033,1.0048562,0.98244816,-3.6621575,0.068406165,3.8089898,-7.6158237,-0.28354168,1.6437819,5.5513477,7.4436073,-2.1544466
18x18,5.224594,-3.5507727,-2.3050327,-2.0941567,4.6928444,-5.9776673,0.9285983,6.360681,-4.5992756,4.996141,-3.7823763,7.668083,-2.4189444,-3.2823906,-8.653906,2.3223317,-7.2140446,-2.6913304,-3.1285636,1.4567544,-0.3519405,-4.854498,0.6338856,5.2368517,-6.9151936,0.004481435,1.6667296,6.501892,6.922406,-1.9851856
18x19,3.9319077,-2.3965,-1.7962072,-2.1972249,3.4414184,-4.1131644,0.7265953,7.8775544,-5.209414,5.2522974,-1.0143182,8.581833,-1.3729331,-2.775352,-9.196495,2.7562413,-8.278432,0.13405189,-5.8769174,1.9759712,-0.38131464,-3.3288457,0.1783768,5.324966,-7.4547606,-0.17571056,1.1855941,7.2623224,6.704427,-2.7720752
18x20,2.4052365,-4.2913985,-3.4631436,-1.579032,4.261585,-3.9828262,-0.10390395,4.61338,-1.4772515,2.962432,0.62550366,8.606823,0.13028216,1.3668219,-7.2857265,2.231553,-8.655741,-1.2585266,-2.4582243,3.022097,2.551108,-1.3172555,-0.04853171,7.459924,-8.198288,1.19275,1.617501,4.624667,3.7936,-3.4410524
18x21,2.7984865,-2.446188,-5.071005,-1.9542053,5.19484,-5.383267,-0.33049598,2.9236505,-0.94004714,3.031688,1.4238319,8.073566,-1.9283394,0.2409667,-7.325368,0.5013058,-6.7089705,-1.471622,-5.8476105,2.1173048,2.0910952,1.0203843,-0.0013945997,4.945278,-9.389438,0.98474735,-0.9559376,4.9310865,4.532263,-2.6522856
18x22,4.594324,-6.3513846,-4.539199,-0.7706678,6.637451,-6.7884803,-3.4614365,0.68639684,1.294004,3.0500784,0.8793572,8.581373,-1.980618,-0.86590636,-7.0190525,0.7670908,-5.0491633,-0.5463042,-4.2792425,1.4322846,3.059773,1.9535952,-0.23694703,6.7780523,-9.473881,4.4589295,-1.1910019,1.5746617,2.606916,-3.306331
18x23,6.498762,-7.006482,-3.9265623,-0.9422257,7.819497,-9.425334,-4.671656,0.8949189,0.33585697,5.3557863,0.7527684,8.490668,-4.4891524,-6.2825613,-8.927045,0.12030947,-3.381296,0.64655286,-8.444203,-0.6762116,0.036074996,2.4955742,1.2232709,4.2706723,-10.337732,4.42062,-3.5228362,2.2191195,5.4425135,-1.6243134
18x24,4.7351637,-8.808685,-2.7207015,-2.5884671,7.29914,-8.361063,-6.9529233,1.0443287,-1.0040417,5.0958533,0.369716,6.965916,-4.272192,-7.673317,-8.879997,1.0682894,-5.1412883,1.9748276,-7.6466274,-2.0279257,-0.09675002,1.2915382,0.15893823,3.4167898,-9.54104,4.5043564,-3.3386967,-0.120836556,4.919304,-1.9705346
19x4,2.030319,-0.080179214,-7.2896013,-2.2375705,8.445821,-3.406813,1.156779,3.461408,-10.547734,-1.8452492,-6.392006,4.3099294,4.6422777,0.8535362,-6.5235267,-1.0506332,-0.757845,5.83839,0.42549837,-7.882777,0.39222828,-0.20229158,5.0933523,4.8228226,-6.170516,2.2427316,5.860326,0.38585526,4.959642,-2.7547421
19x5,2.0329728,-0.12693727,-6.975624,-3.1514096,7.7133994,-4.3446198,-0.31764638,4.4357557,-9.1737175,-1.8236794,-6.2973843,4.605517,3.7206259,0.18288195,-6.617766,-0.23421454,-2.32204,5.4362307,0.36442924,-6.4911,1.6678185,-0.85477245,3.5333848,3.7391944,-6.2250214,2.1638293,4.0378675,1.0207022,4.6442943,-2.2414618
19x6,2.9892902,-0.013075709,-5.322439,-5.3560038,5.981251,-5.389463,-5.861299,7.296172,-5.1034527,-1.9147383,-6.751185,5.8631053,2.6260288,-1.962463,-5.7900414,2.5445523,-5.254135,3.2726216,0.17250776,-2.076522,4.67198,-2.5336218,-0.90883416,1.6101637,-5.9448605,1.9738088,0.65102845,3.544883,3.7477238,-1.9664831
19x7,2.8633952,-0.19965899,-5.2439346,-5.1692905,5.392969,-6.8419995,-4.895477,7.868821,-3.4407477,-1.2013495,-5.2767572,6.412855,1.678369,-2.2166197,-6.7199597,2.1096196,-7.1778173,3.9315937,0.025508344,-1.1035645,3.4401064,-4.2792306,-0.60602075,0.12119055,-5.0642037,1.2418505,-1.3247428,3.3907108,3.6182926,-0.87672144
19x8,3.5021424,-0.48809123,-4.5375957,-5.4613514,5.1586113,-7.8339453,-5.93232,8.801012,-2.45739,-1.5400462,-4.399702,7.0445166,1.5206903,-1.8987718,-7.0655775,2.0998755,-8.107079,3.5288086,0.17589003,-0.33775222,2.9197357,-5.372482,-0.8277867,-0.08695912,-4.663738,0.55704415,-1.9478555,3.4694252,2.9812508,-0.9533621
19x9,3.9253569,-0.3749267,-4.8827863,-5.845018,5.263668,-7.5116725,-5.5241013,8.08226,-2.1302545,-1.53953,-4.911982,7.4308267,1.6186503,-1.7769732,-7.1686296,1.7422194,-8.028044,3.4232943,-0.27029467,-0.027460814,3.2091572,-5.149263,-0.6368791,0.14127123,-4.5601044,0.9153602,-1.9473217,3.1488528,3.4276223,-1.315133
19x10,4.3610697,-0.16558921,-5.2219315,-6.039899,5.4462633,-7.5967054,-5.087085,7.742571,-1.9132774,-1.8671193,-5.193918,7.9851685,1.8622222,-1.4930257,-6.8979454,1.671458,-7.519237,3.4324536,-0.13089389,0.17862487,3.0723705,-4.8793373,-0.29426867,0.03538716,-4.5662823,1.4644749,-1.6682407,3.266158,3.63349,-1.4843495
19x11,4.1422772,-0.8227302,-5.486001,-6.268305,5.7881184,-7.8500733,-4.323028,7.6855884,-1.7657439,-1.2990482,-5.815549,8.032771,1.8734313,-1.910408,-6.6104965,1.6661917,-7.299281,2.6620717,-0.3677405,0.47774982,3.5254562,-5.0178204,0.30674815,0.74072385,-4.8352075,1.663373,-1.3080331,2.9023294,3.561246,-1.8937539
19x12,3.8762107,-0.6290827,-5.2308493,-6.650839,6.6720724,-7.888624,-3.8174155,7.434506,-1.0046315,-0.9139152,-5.125732,8.220784,1.3403883,-1.5823091,-6.2875934,2.1567342,-7.2129583,2.7521067,-1.2468545,0.43654704,3.3359146,-4.8893514,0.2019164,0.4070897,-5.659275,1.8659472,-0.72039235,3.3024206,3.480947,-2.1736069
19x13,3.4983764,-1.0251987,-5.2714014,-6.613398,6.9067554,-8.089176,-3.1041508,7.8184686,-0.61167157,-0.68405163,-4.7880087,7.9006467,1.2724396,-1.421429,-6.34275,2.4386237,-7.00313,2.9589264,-2.102831,0.32040584,3.1597276,-4.7346067,-0.10953426,0.41796166,-6.06209,1.5821013,-0.56970143,3.2439454,3.4842062,-2.1197205
19x14,3.3586922,-1.094748,-5.117597,-6.6996474,7.8033056,-8.115158,-2.6083655,7.6488223,0.7582279,0.48659956,-3.663461,8.196603,0.06975496,-0.23711932,-6.571222,2.7501836,-6.66413,3.7897532,-3.1786094,-0.3122927,2.3115957,-3.9671977,-0.5765949,0.2151959,-6.2356176,1.6895354,0.11836958,3.8812332,3.5088215,-2.6966016
19x15,3.209478,-2.5689416,-4.9957266,-5.764599,8.788005,-8.004652,-0.8859286,6.23034,1.8009739,3.0660043,-4.260952,8.729723,-1.1735476,1.6191194,-7.2693505,2.854454,-6.1258984,3.073443,-2.6928496,-0.24135995,1.6998782,-3.9277005,0.47974777,1.3558247,-6.0434833,1.4166894,1.2250655,3.9967196,4.2577686,-2.8879812
19x16,4.533101,-3.0245378,-3.3628905,-4.2540855,10.117598,-6.967492,0.42878687,3.9674087,1.8176913,7.139633,-5.549241,10.046349,-3.29422,2.2956393,-7.6985655,3.480052,-4.813685,1.1306647,-3.37312,0.31512934,1.8619069,-3.1581793,0.8695037,3.3655703,-5.7171826,2.2521334,1.7560421,5.1517572,5.812504,-3.5399756
19x17,4.4491973,-5.1806602,-3.4522538,-1.2484049,7.8343067,-7.2614794,0.79617304,4.29714,-1.1353724,7.225869,-6.756585,8.879377,-3.5187745,-1.0834253,-7.828006,2.6650155,-4.7813787,-2.0502806,-0.95968485,2.141298,0.5277137,-4.601179,1.3904485,6.108658,-4.96665,3.6226616,2.411215,6.1447926,6.5478635,-3.2113113
19x18,3.6215484,-2.086383,-3.8941278,-2.6256185,5.6692977,-5.603488,-0.17839587,5.5645576,-4.8155727,5.4994965,-4.8692822,7.486822,-4.1885777,-3.0140998,-8.509369,2.8112645,-5.343629,-2.7693863,-3.3115597,2.6590657,-0.29487938,-3.9153442,0.13299155,4.172804,-6.5407352,2.0146146,2.7412677,8.04943,6.830866,-1.7020259
19x19,1.7037163,-2.284854,-3.8841677,-1.318568,3.1002626,-5.235662,0.157395,7.651636,-4.756756,3.6025686,-1.707287,5.690227,-3.1027067,-3.7890162,-7.6650524,1.5771543,-6.4531097,-1.7741373,-2.056572,2.2780807,-1.2295398,-4.012786,1.015069,4.5543785,-5.545203,1.2707431,1.9512174,7.97109,5.6764965,-1.3795153
19x20,1.3968737,1.1421925,-3.8158665,-2.4478977,4.766699,-4.9334173,0.5474702,7.1846743,-3.1338687,4.9402766,0.99063754,6.4313326,-3.4015815,-0.26741648,-7.81057,0.834401,-5.808983,-0.48174402,-5.1039667,2.1755023,-1.2600459,-0.5716729,0.3658755,2.2297876,-7.113267,0.38901478,0.10888028,9.424178,6.599084,-0.8425266
19x21,1.9015424,-4.398869,-4.24075,-1.2479126,7.7734585,-6.204828,-0.15179092,4.336278,1.8097003,5.255054,-0.8051436,9.663116,-0.746012,4.676157,-7.0694737,0.7097615,-6.2239203,-1.0441086,-0.9444971,3.3590622,3.1006353,-0.12574399,0.06659001,7.6499944,-9.854296,4.767469,-0.2442608,6.037093,3.5873652,-4.0570955
19x22,2.0485697,-1.2589312,-4.1910286,-1.5330429,7.3524885,-7.551716,0.08778258,2.9934952,0.9829132,6.1467576,-0.7783514,7.8062677,-2.9045181,0.43843025,-6.981867,-1.0973028,-2.0728152,0.60816324,-5.008595,1.438689,0.10084742,0.85835874,1.7451594,3.4195137,-9.810608,3.5523667,-4.0631185,6.8449874,5.613726,-1.7574576
19x23,3.5365844,-5.9429116,-2.512423,-1.3989664,7.130327,-7.2655187,-3.7671328,1.625317,0.41971982,5.4694242,-0.020414233,6.541969,-3.1121967,-3.5701954,-7.163843,0.13185388,-3.6391683,1.6546001,-5.4085793,-0.92735744,0.07424903,0.8263198,0.65776765,3.4705212,-8.425091,4.506786,-3.0819788,2.3531804,4.523314,-2.3352375
19x24,2.3922937,-7.1744833,-1.2558967,-2.2607272,7.8200154,-7.8787165,-4.796836,2.746614,-1.2393254,6.965335,-1.4098144,6.6110663,-4.363635,-5.4142046,-8.10968,0.17111552,-5.437248,1.1824435,-6.206776,-1.7098076,-0.17899346,-0.65895617,-0.3291794,3.3409598,-9.361139,5.146701,-2.8411925,1.8372612,6.1677904,-3.1929548
19x25,-2.1667495,-5.7638707,1.687561,-6.9915004,7.6538396,-6.306864,-5.813726,2.9011874,-1.7025315,8.73988,-1.9619923,6.033473,-4.5733457,-2.9185975,-7.4306955,3.41617,-9.148382,0.00684458,-2.8365488,-3.0814028,1.2575542,-0.81213117,-0.0703038,2.2381861,-8.664264,4.2760696,1.087629,0.90706867,6.1702356,-3.1280284
19x26,-5.450021,-0.72732866,3.162822,-6.87274,5.6701083,-8.085181,-4.3045278,4.3616514,-1.7401584,9.53359,-4.813324,4.788413,-3.385347,-2.0223804,-7.0275745,3.8354764,-9.796568,-2.5005565,-0.16431856,-2.7157173,3.887168,0.007887602,0.6889169,2.5498357,-7.0093307,3.445454,1.8194411,1.9548205,8.069691,-1.4992716
19x27,-5.924137,3.678073,3.5104332,-6.089568,4.602435,-10.8258915,-4.5729523,2.533699,-1.2858578,9.3879795,-5.056558,4.591811,-2.7739499,-0.64905524,-7.5096455,7.2731843,-9.980562,-4.1645355,0.3707714,-0.122071505,7.3858933,1.0157988,3.044138,6.154888,-5.0462756,1.007468,3.6418052,0.96648955,9.550617,2.032402
19x28,1.1948096,4.5239697,4.7489085,1.3125856,2.093042,-14.891926,-2.455843,4.6562176,0.5229336,5.0817003,-5.6826935,3.8680942,2.4406517,-5.141539,-10.281782,6.7073255,-5.3465858,-1.739847,-0.19959784,3.9008155,8.644663,2.528525,2.9126186,12.480005,-2.5747473,1.270069,2.8981054,-0.12447792,7.839162,4.7036943
20x5,3.3248436,-0.091340065,-5.33057,-5.1975503,7.7055326,-2.0154321,-6.752124,5.140437,-8.5141735,-3.0778923,-8.837014,4.648255,5.0513954,-1.1880298,-4.269913,2.5961003,-1.1585976,2.2151537,1.1320461,-3.1478987,7.047396,-0.004435003,-2.6312604,4.6305566,-7.7425885,3.3467808,3.7727342,3.1597562,4.839771,-3.1064024
20x6,2.6556737,0.31222677,-5.3904314,-4.995811,6.077072,-5.587819,-6.053217,7.1627316,-4.996495,-1.8591923,-5.846217,5.927341,3.1578615,-1.8546263,-5.49838,2.6440215,-4.8254795,2.9063594,0.33054185,-2.4220858,4.866556,-2.9286427,-2.1481848,1.9201586,-5.722491,1.7144878,0.39582288,3.380215,3.908883,-1.4173057
20x7,2.8049626,-0.30314982,-4.8636084,-5.0274253,5.678136,-7.0127625,-7.070434,8.496166,-3.6871336,-1.8960692,-4.611588,6.5542965,2.194591,-1.8454509,-6.2403164,2.7294698,-6.345136,3.1315153,0.5946617,-0.85329676,4.184308,-4.9137,-2.4664702,1.3919232,-4.960637,0.81095004,-0.98566216,3.1593914,3.6067061,-1.1844244
20x8,3.0391493,-0.40397632,-4.8281393,-4.8195257,5.3113213,-7.864461,-5.901192,8.847012,-2.46827,-1.6035274,-3.7359345,7.097623,1.513042,-2.0178726,-7.4894896,1.94916,-7.6301737,3.32457,0.2758783,-0.57907474,3.1277912,-5.485552,-1.7133452,0.53247064,-4.1862803,0.3517592,-2.5126834,3.1306908,3.4968684,-0.97420794
20x9,3.5385253,-0.30772305,-4.807037,-5.3588147,5.175557,-7.826642,-6.090746,8.213051,-2.628432,-2.0210433,-3.9308407,7.5167074,1.8448288,-1.2916049,-7.4894996,1.3972335,-7.841699,3.0339785,0.5077466,-0.32352614,2.940391,-5.413244,-1.4697567,0.6034273,-4.221216,0.9069792,-2.456541,2.9602463,3.7759204,-1.2288674
20x10,3.92731,-0.5003456,-5.501988,-5.629271,5.7263603,-8.165913,-4.884825,8.09415,-2.01662,-1.1827734,-5.115947,7.8299313,1.8616712,-0.9649551,-7.315482,0.9245535,-6.8623304,2.4680882,0.18421459,0.10205984,3.0977583,-5.1289515,-0.3078034,1.786347,-4.6132016,1.6231589,-2.3111002,2.5570118,4.297181,-2.4626946
20x11,3.9004297,0.11084747,-5.774004,-6.127986,6.352883,-8.205358,-4.1447906,7.6117463,-1.319519,-1.0983399,-4.9535675,8.206927,1.3540919,-0.77363616,-6.5934377,1.584267,-6.743681,3.2223172,-0.63282573,-0.10823715,3.0538065,-4.8247824,-0.1821537,0.8804191,-5.125655,1.9045635,-1.3235314,3.0270433,4.0023527,-2.9080446
20x12,3.5984867,-0.59850526,-5.8245893,-6.565716,7.0169334,-8.343443,-3.4857829,7.4645634,-0.90378153,-0.40371582,-5.0825343,8.0072155,1.1363323,-1.1318929,-6.1604767,1.9338703,-6.75712,2.4026408,-1.389034,0.27966988,3.3789477,-4.7743635,0.14828533,1.1235118,-5.912066,1.423283,-0.8267232,2.9204159,3.6910686,-3.0441554
20x13,3.184622,-0.084506154,-5.426097,-6.3844376,8.071697,-8.434523,-2.371845,7.2227836,0.30244708,0.77103686,-3.592822,8.174637,-0.16695249,-0.30938023,-6.355315,2.7096474,-6.7248087,3.9480608,-2.5326018,-0.44242358,2.6760893,-4.138714,-0.14153326,0.23258406,-6.6783686,1.2901995,-0.32233846,3.9424713,3.562047,-3.3822222
20x14,2.4161396,-1.7067921,-4.9868402,-5.1902857,9.166868,-8.532439,-0.16830364,6.0543866,1.8329002,2.7040215,-2.2275372,8.457348,-1.3148377,1.1271322,-6.876453,3.148415,-6.481577,4.831359,-3.0518389,-0.44850492,2.1247103,-4.439374,0.51398784,0.73083377,-7.1490855,1.449174,0.36312264,4.3840413,4.0639668,-3.230081
20x15,4.003947,-2.007654,-3.3385544,-3.9462955,10.162327,-7.1826487,-0.153826,5.4006515,2.7055817,5.3787727,-3.9205244,9.308125,-1.8975401,1.825427,-7.25731,4.20783,-5.1323686,4.975867,-4.265383,-0.37987578,1.6055037,-2.3934562,0.5475622,1.0464177,-5.9372444,3.4010186,1.4257904,6.141962,4.4826965,-4.713113
20x16,2.9292142,-4.9504676,-4.1673265,-0.96714777,9.514742,-7.805853,1.3149804,6.0579295,1.7358432,6.8620954,-5.858087,8.804255,-2.9224079,0.37590218,-7.53782,3.3373716,-4.7091017,2.4196477,-2.014813,0.6917218,0.8759354,-3.5543704,1.9642518,4.2354164,-4.4902916,4.0890675,1.5574304,5.69498,5.125939,-4.529109
20x17,4.606574,-3.4830546,-3.116075,-0.8387405,7.8142023,-6.504111,-2.3093212,3.805507,-3.5146792,5.222971,-7.295135,8.061468,-4.584119,-1.9718661,-9.196982,4.9465666,-2.8991866,-0.9729117,-0.2797103,3.317802,2.4061484,-3.5972424,0.79076356,2.8317828,-5.315677,5.7067523,3.1394372,6.3105116,4.286915,-3.1875653
20x18,1.4722368,-4.4942713,-2.9742036,0.5249815,6.453128,-7.6302485,-2.7251263,6.1712213,-5.235567,5.0319223,-5.1672397,6.9923034,-4.024107,-3.62032,-10.023905,3.7185698,-3.8334534,-1.441752,2.0259702,4.897058,0.8427164,-6.466859,1.3387046,4.6401825,-5.0568166,5.625298,2.856936,6.8615093,4.1798477,-1.8029603
20x19,0.32418028,1.4423354,-3.8790197,-1.7516121,5.7391953,-6.2337675,-1.8997227,9.15748,-5.4319673,4.857413,-1.5260394,5.7288356,-5.562582,-2.969417,-10.271991,2.1243212,-3.856143,0.42049092,-1.7873552,3.5017543,-1.2573113,-3.1457736,0.6686903,1.2678502,-7.303603,3.509165,1.2003601,11.384872,5.033858,-0.8488168
20x20,-0.12862422,-1.1992166,-3.496109,0.0040402412,6.1867986,-6.2365046,-0.14580943,8.484265,-1.0351826,4.982382,-0.97415185,5.694802,-4.39781,-0.77312285,-7.860829,0.64223254,-3.1810172,0.52283573,0.71192765,2.861511,-0.401307,-2.2173786,0.9279616,4.0514665,-6.8019285,4.837913,0.72379994,9.364953,3.5083187,-1.7994776
20x21,0.49683785,1.7648281,-2.7241988,-1.6977625,7.618563,-6.4063425,0.6321082,6.582817,0.054012656,6.923042,-0.28595144,7.314273,-3.27427,2.5343194,-7.851888,-0.22912705,-2.1782048,1.957001,-3.3061533,2.5093656,-0.8364678,-0.5902997,1.2504491,2.5431242,-9.296654,3.244485,-1.854442,10.333008,5.269449,-1.1337945
20x22,1.6777987,-2.388076,-0.643,-1.7395821,8.827433,-6.1290216,1.4828339,3.5674329,1.9573468,7.99606,-1.1813009,7.5273046,-0.4737692,4.1831665,-6.142227,-0.19553864,-2.5872676,3.4025764,-2.5494921,1.2211094,-0.18969059,-1.9615072,0.9104305,3.8669772,-9.786838,4.665034,-2.4482064,7.134097,4.287292,-3.5026975
20x23,1.7638206,-4.624858,-0.30631652,-0.74335814,9.315268,-7.3104553,0.55288327,3.8175774,1.034657,8.314628,-2.7375677,7.1484437,-2.13236,0.8458015,-7.1463985,-1.1971728,-2.3933017,2.6303723,-4.3409243,0.6767321,-0.6252393,-2.5305276,0.6125519,4.3157187,-10.892321,5.6288166,-3.9198885,5.7107363,5.6275253,-4.6141844
20x24,1.3018646,-8.356857,2.9690294,-2.0070355,9.392795,-4.9288654,-1.6769528,5.254536,-0.2998039,8.128207,-3.243016,6.097208,-2.5533895,-0.55711496,-7.703809,0.18373787,-5.6580014,3.3043344,-2.0836847,-1.0052633,-0.8976062,-4.250455,-1.6964763,5.865362,-8.924503,7.0706706,-1.0389065,3.0266063,4.349648,-6.1805253
20x25,-2.20704,-7.422355,4.8232336,-3.2578995,10.329354,-4.4135995,0.7167168,6.048423,-0.6961178,8.540489,-3.8650959,5.266502,-2.1501553,0.7537494,-7.689497,-0.20819783,-7.074145,1.728756,-0.9237373,-1.418709,-0.60195047,-5.3041906,-3.379493,4.381425,-8.754316,6.3695974,0.04589781,3.5646257,5.942952,-6.6440806
20x26,-5.9290004,-3.0426798,4.7796335,-7.6017866,9.932297,-4.9926977,-0.98911834,3.2883947,-0.3033625,8.225451,-1.7444178,4.9623055,-3.0570583,1.742333,-7.0321574,2.9672456,-9.0696125,-0.62242126,-1.2930667,-2.0042076,1.4590913,-2.1073139,-2.283597,1.958118,-8.797129,3.9655256,3.051733,3.746722,7.108715,-4.3114295
20x27,0.7803631,0.7371607,5.2381287,-0.7454899,6.464603,-9.975584,0.7702781,6.4742827,1.1300739,3.2365298,-3.3221755,4.9746113,0.9330076,-2.981286,-8.76782,2.6138513,-4.721922,-0.024937034,-1.3155919,0.94868684,2.772243,1.3010355,-2.5655012,7.4207664,-5.199652,3.907453,2.5761304,3.9559736,7.335318,-1.273535
20x28,1.6369958,2.9375806,5.6131163,-0.6311104,6.950369,-11.746756,-0.11896047,5.440744,1.1230153,3.127242,-3.923293,4.4591026,1.2625822,-2.6386764,-10.023032,4.51323,-5.442043,-0.5229937,-1.0349014,1.8718041,4.1489334,1.756738,-1.7454102,9.799278,-4.280568,2.620433,3.3187473,2.6770568,8.104787,1.0360539
21x6,2.6840968,0.23796916,-5.7302275,-4.5288897,6.6551228,-6.5142093,-7.0829782,8.433122,-3.8793595,-1.9838325,-4.6854596,6.1756744,2.530684,-1.7044579,-5.8937373,3.3901837,-4.8707843,2.4853187,0.3083725,-1.3728222,5.1207356,-4.320646,-3.3305125,2.4960155,-5.091441,0.5025356,-0.57182145,2.6643844,3.5965326,-1.483399
21x7,2.5021071,0.25024474,-6.097826,-3.989925,6.075464,-7.944436,-5.422677,9.564449,-1.7281246,-1.0786843,-3.2386575,7.096921,0.76127356,-1.9314979,-7.751215,2.7111373,-7.087298,3.41997,-0.5551857,-1.3421336,3.3348036,-5.0576043,-2.021159,1.5050718,-4.177296,-0.18814313,-2.2145548,2.5056617,3.225332,-1.1140304
21x8,2.8462634,-0.15744746,-5.5325212,-4.2506943,5.4251614,-7.845974,-6.0117836,9.226273,-2.2248669,-1.9111582,-3.1095781,7.396866,1.3496447,-1.5274291,-7.864768,1.8709823,-7.3256955,3.4969559,0.34685153,-0.57115364,3.0163727,-5.3809495,-2.2186666,1.1273043,-3.7259858,0.6865129,-2.8191898,2.5932655,3.9359775,-1.3096185
21x9,3.2486525,-0.0551579,-5.2135153,-4.689886,5.3822584,-8.094472,-5.824902,8.710764,-2.3457088,-1.366004,-3.8002958,7.6225944,1.4131314,-1.3868161,-8.0252495,1.3417759,-6.957452,2.648427,0.36830074,-0.39704573,3.0342226,-5.4869947,-1.6405423,1.2693733,-4.0561085,1.0998646,-2.9182775,2.3819175,4.114059,-1.8470871
21x10,3.664214,0.58652806,-5.4364414,-5.231552,5.421275,-8.24044,-6.0777454,8.342412,-2.500719,-1.5299191,-4.6131973,7.9699545,1.4462156,-0.71118736,-7.902632,1.3476217,-6.8024955,2.7632287,0.15220815,-0.35928214,3.167555,-5.3085694,-1.0437291,1.1473966,-3.8490047,1.440692,-2.6277633,2.2509844,4.315726,-2.6710129
21x11,3.7537436,0.81569445,-6.156023,-5.617017,5.7270164,-8.338925,-4.9946494,7.9162574,-2.127557,-0.9099427,-5.587773,8.063456,1.3012849,-0.8491377,-7.32842,1.5405085,-6.3466797,2.669414,-0.17413545,0.08972716,3.6224353,-5.254487,-0.46863765,1.4882089,-4.334866,1.3871521,-2.2932963,2.1675184,4.4282026,-3.2675798
21x12,3.4286313,0.60080266,-5.9921637,-6.0474133,7.1550894,-8.453791,-3.2491443,7.4242654,-0.55996174,0.07632517,-4.2620463,8.390381,0.19850016,-0.25183308,-6.6552463,1.942821,-6.0922995,3.4016623,-1.4453101,-0.2808727,2.8944159,-4.562857,-0.32616788,1.2310244,-5.9855394,1.7295474,-1.1633687,3.525957,4.129472,-3.7176259
21x13,2.4004605,-0.7785219,-4.994302,-5.4304624,9.112907,-8.80339,-0.5274371,6.0828705,1.0339572,1.8309642,-2.5405524,8.076638,-1.6845392,0.46598762,-6.754146,2.3912933,-6.4093757,3.8419793,-2.3773484,-0.3098091,2.453373,-4.6908126,0.90524054,1.3613758,-7.779513,0.85582376,-0.2925229,4.4106874,3.9020486,-3.646773
21x14,3.4472027,0.12542188,-3.5363955,-3.9776638,9.339505,-7.6089993,0.19584125,5.2143407,1.6937277,3.5269995,-2.7436507,8.277982,-2.637477,0.18409544,-7.875419,3.9901083,-5.9917564,5.789531,-3.6655529,-0.982533,2.5401073,-3.485334,0.44369704,-0.049455285,-8.066806,1.0921654,0.40287393,5.33082,4.394431,-4.2043405
21x15,2.6082678,-3.3469973,-3.5747147,-1.1057168,10.118498,-8.032789,1.4247789,6.039469,2.1908503,6.1022944,-4.166476,8.866015,-2.2953277,0.5721274,-8.039974,3.7602925,-5.8320003,5.382983,-3.3784068,0.20578814,1.585647,-3.791605,1.812807,2.6421504,-5.5784774,2.565281,-0.42145467,4.923737,4.940194,-4.2733116
21x16,4.76468,-3.8859582,-2.194587,0.4113806,9.552686,-5.886201,-1.4992998,3.9730659,-1.7712458,5.2855473,-7.4666834,8.923786,-2.6449175,-0.99005425,-9.345555,6.1172256,-3.250967,2.0288424,-1.8962643,3.318416,2.990343,-2.7890186,0.99625033,2.1061878,-5.352764,5.121373,1.2176827,5.053202,4.6346383,-3.86257
21x17,3.2901707,-4.9907656,-2.267477,1.761831,8.03152,-6.7516413,-3.169225,4.720023,-4.729088,4.0154295,-7.397128,7.740218,-3.7798839,-3.1969533,-10.30322,5.689591,-2.4338715,-0.6596124,1.7747961,4.6538324,2.7906303,-5.118372,1.2799531,3.3054056,-5.5141873,6.6297226,2.5937586,5.091093,3.2647183,-2.8521
21x18,3.578008,-1.9456229,-1.2041601,0.45484674,7.528983,-6.165306,-4.923874,4.59017,-6.7430425,3.722233,-5.2930913,7.2517576,-5.085105,-3.7859826,-11.567533,6.347849,-1.6277945,-0.2398695,1.4632969,5.1338944,2.9335294,-4.403436,0.42214262,1.0206324,-7.0006113,6.4498115,3.124691,6.2851768,2.9796815,-1.3790462
21x19,-0.022011772,-2.285641,-1.5720029,0.4624675,7.8665314,-7.5608444,-3.0203686,8.636146,-4.1591816,4.7773438,-1.098427,6.194864,-5.3327303,-2.6977055,-11.390722,3.8490849,-2.5174918,1.3344593,2.6770332,4.5471315,0.5450432,-4.989693,0.9531086,2.531509,-7.7608337,5.639539,2.8628666,8.206165,2.443032,-0.7267873
21x20,-0.051843166,1.5421488,-1.8388467,-2.0564597,8.318366,-6.5975065,-1.5370398,7.8455853,-2.2143602,6.029347,-0.36745536,7.3996305,-4.603756,0.15140325,-10.258094,2.1138194,-2.0330534,3.0477908,-1.3723729,3.583719,-0.4705777,-2.433153,0.9984431,1.7376286,-10.286161,4.3761983,0.5533804,10.478901,3.640685,-0.8780361
21x21,1.3995483,-0.6692884,-0.029678702,-2.2508054,8.9406595,-5.365079,1.6936572,4.5520215,2.9149344,6.0774603,0.82335496,7.360006,-1.179927,3.3141525,-5.5665603,0.76612306,-1.0859141,4.109276,-2.0028934,1.0679255,-0.4827816,-1.429876,0.77623224,3.3977742,-10.778658,5.0832505,0.89633745,8.829062,2.4631405,-2.6790411
21x22,1.9186449,-0.10759723,1.3988459,-1.8349514,10.717979,-6.0839386,2.6101587,4.971936,2.4016838,8.613578,-0.9572164,7.752432,-1.6732838,4.4876294,-6.2823453,-0.62977827,-0.714308,3.829747,-3.5398855,1.1279536,-1.3395071,-2.3958027,0.4633444,3.6864877,-12.047461,5.056554,-0.7122066,10.263765,4.5198255,-3.8134239
21x23,2.3550692,-5.4431767,2.9431908,-1.3191221,10.649504,-5.41327,2.3356326,3.3778195,2.3190038,9.163925,-2.4755945,7.2199116,-0.68692696,4.757666,-6.057704,1.214653,-2.1895308,4.7320695,-1.5642524,1.0598185,0.009879768,-5.1663957,0.8745716,7.443024,-11.120861,6.1452837,-0.68103886,6.4563684,4.014446,-5.301564
21x24,0.22040953,-7.3897305,4.651214,-2.039166,10.719329,-3.894899,1.8442951,5.144593,0.7989563,8.907884,-3.1184883,6.127223,-0.97929573,3.057515,-6.946402,0.1905806,-3.7204652,4.475547,-1.5996525,-0.10212076,-1.3924408,-5.9639144,-0.6828882,6.239768,-9.852163,6.4305425,-0.9129176,5.477401,4.0550385,-6.5954685
21x25,-0.87262064,-7.3662257,5.274482,-5.2240987,10.430098,-2.366239,0.20237407,4.845627,-1.0235279,6.829322,-2.0187602,4.735938,-3.4035819,2.6700966,-6.8805513,0.98358214,-5.13626,3.9478533,-0.5003321,-0.7339499,-1.8601853,-6.2078304,-2.1237166,6.7351213,-7.255242,5.8920164,-0.8162526,5.8894777,4.6616096,-5.3746066
21x26,1.9088291,-5.0716066,2.51526,-2.7970572,10.787104,-4.281905,4.6352906,6.7052307,1.79918,0.8999512,-0.33009565,5.3392954,-1.9522989,0.5524452,-5.9217844,-1.5871103,-2.3133142,1.7197955,-1.1394918,-1.2554474,-3.616813,-3.2761908,-7.9884624,3.9638627,-9.112821,4.5303063,0.28220123,6.3891406,6.9484053,-6.6507936
21x27,-1.3812999,-0.59500146,5.0132,-5.2851496,10.9629135,-5.8844485,3.33536,4.6478786,3.3070717,2.183409,1.0201782,5.1713815,-1.7400103,1.1327249,-7.121293,2.206913,-4.4622664,0.15535963,-2.646327,-0.9764416,-0.43197843,1.1613641,-5.0668163,2.0070226,-8.899947,3.7534993,4.005207,6.9822917,6.860274,-4.5123916
21x28,6.476534,0.07174897,5.770802,3.7674632,6.542931,-10.813477,4.015489,8.686671,3.53862,-2.2006683,-1.2413003,4.8395357,3.7786624,-5.247451,-9.417561,0.5473051,0.03899926,2.8657024,-3.0120053,2.3485887,0.7329726,3.0069606,-5.2503386,8.906631,-4.3062124,4.6287394,1.8882985,5.6958103,5.7948904,-1.7481425
22x6,2.0399804,1.217265,-7.6645913,-3.2432308,6.833621,-7.8300467,-4.7850637,10.113505,-0.5848761,-0.5226703,-2.7396655,7.1657906,-0.072766215,-1.8087366,-8.237457,3.5533,-6.271656,3.8636997,-1.4860415,-1.5554873,3.9264703,-4.438595,-1.8851311,1.9717841,-3.984369,-0.39533782,-2.1896336,1.997303,3.2552414,-1.4612328
22x7,2.3079312,0.3290894,-6.711076,-3.4862254,6.4304485,-8.024387,-5.1488686,9.989022,-1.2524016,-1.2402604,-2.5315826,7.3710155,0.7850253,-1.5883682,-7.978912,2.885506,-6.7341166,3.80432,-0.6656833,-1.2050124,3.424275,-4.744228,-2.0698133,1.5056132,-3.6504865,-0.017435908,-2.5933256,2.0564904,3.3130019,-1.4980371
22x8,2.613005,0.29192162,-6.372566,-3.6332073,6.129528,-8.020066,-5.5012226,9.550535,-1.5729234,-0.8135718,-3.0300672,7.4790506,0.49560416,-1.5015421,-8.251397,2.5183809,-6.652506,3.11487,-0.47228777,-0.9833553,3.412372,-4.959129,-2.0600348,1.5526056,-3.979982,0.28378952,-2.7086911,1.8702295,3.692994,-1.6703173
22x9,3.335599,0.7351526,-5.668064,-3.8973415,5.377269,-7.7869625,-6.3287506,9.432013,-2.1660104,-1.7045907,-3.604009,8.166681,1.1629187,-1.2097013,-8.537451,1.9836627,-6.5867662,3.6688797,-0.3057301,-0.6602855,3.0733724,-5.234023,-2.1000226,0.99837244,-3.2752206,1.279288,-3.2874322,1.9938004,4.3234,-2.4381497
22x10,3.8107934,1.2273356,-5.613697,-4.358144,4.804593,-7.9100924,-6.2124887,9.077988,-2.3894682,-1.3057346,-4.8794646,8.358595,1.1405388,-1.1706829,-8.357681,1.6797955,-6.0438805,3.105372,-0.010548651,-0.40927684,3.525011,-5.34855,-1.3531293,1.1453593,-3.5623655,1.8692365,-3.2222993,2.1271465,4.460615,-2.9956923
22x11,3.4958737,1.4340483,-5.8896446,-5.103844,5.511055,-8.236762,-5.7864017,8.243448,-2.223707,-0.75905186,-4.9301453,8.448107,0.9686819,-0.468311,-7.804436,1.7492504,-5.849981,3.368646,-0.28373575,-0.23960245,3.494303,-5.197657,-0.7465683,1.3591818,-4.152176,1.7828245,-2.6060073,2.881312,4.79321,-3.3949323
22x12,2.6652157,0.36482203,-5.421343,-4.681612,7.426553,-8.620085,-2.590324,6.9781466,-0.663635,1.205275,-4.054878,8.406481,-1.1027098,-0.10166454,-8.016134,2.0167038,-5.798671,4.0392566,-1.2091459,-0.1930651,3.3486738,-5.266134,0.8475086,1.7884526,-5.7385015,0.9132488,-1.6658565,3.5541005,4.576514,-3.598058
22x13,2.9110055,0.5779854,-3.0566983,-3.480431,9.301092,-7.3359575,-0.19511068,4.8686504,1.5239024,2.8555346,-2.3712363,8.6137,-3.3868504,-0.3556546,-8.8052,3.3358011,-5.7116966,5.7562623,-3.6604931,-0.84446466,3.0971813,-4.3525157,0.7290765,0.953682,-8.326703,0.589695,-0.5185284,5.4535475,4.2612834,-4.002015
22x14,1.5435456,-1.5086074,-2.099881,-0.9668062,10.233324,-6.3822293,1.3726177,5.947684,1.9275588,4.1335363,-4.7690864,7.9026194,-3.9444807,-1.8303056,-9.033764,2.749966,-5.828864,3.97289,-3.8707352,0.019478202,2.6292782,-3.7773304,1.9946023,2.5575004,-9.0247755,0.0958091,-1.3863196,5.727775,3.9082997,-4.879536
22x15,4.3666744,-2.783004,-1.268687,0.5996397,9.990996,-5.870697,1.3342776,4.4743195,0.4980663,4.9941635,-5.845201,8.957658,-3.4036498,-1.3634559,-9.709194,5.228051,-4.7665973,4.243992,-3.2720199,1.4842328,3.0378976,-3.4530892,1.4401476,1.6109104,-8.288761,1.3625711,-1.0931147,5.000279,5.596335,-3.4811997
22x16,2.7535203,-6.5274944,-0.92277765,2.3517566,11.166642,-6.7665386,1.1535347,5.5846486,-0.57950926,5.9866095,-5.4713116,8.860592,-1.9320167,-0.8276017,-9.656158,4.689959,-4.8970175,2.400184,-0.8248,3.0442793,2.015472,-4.9447355,2.28531,3.6070547,-6.1898694,2.3230717,-0.81957656,3.297239,6.067129,-2.5236974
22x17,5.054771,-4.0928946,-0.15330505,1.4710696,8.969118,-5.3421373,-3.7945633,3.2737138,-5.3216815,3.76047,-7.399497,9.6225815,-2.2765439,-2.493338,-10.699007,7.068156,-2.1345928,0.24161935,0.4912324,5.380772,4.296782,-4.0045357,0.6705582,1.684171,-7.069355,5.031549,1.3155274,2.7666438,4.724138,-1.5712775
22x18,0.9707437,-6.060565,-1.6399561,2.0709386,8.902798,-7.685172,-2.640189,7.191295,-4.4489365,3.823577,-4.188642,8.479569,-3.769947,-3.1970978,-10.524966,4.93283,-2.8436937,-0.26595438,3.6406865,4.8816032,2.063163,-6.155908,1.5949224,3.8234696,-7.8070908,4.4320936,1.5031414,2.5646267,3.393527,-0.75725937
22x19,1.834237,-1.7141848,0.72779226,-1.4865285,9.737517,-6.7233944,-2.6358147,6.160254,-3.0626452,4.8906116,0.85005325,9.213967,-4.4747663,-1.3802679,-11.299568,5.472021,-2.2714968,2.741759,1.3306484,3.0843325,1.737076,-3.8404608,1.3572048,0.9447672,-11.037313,2.6994255,3.0285492,4.5146875,3.335159,0.7092276
22x20,1.633711,-2.7399187,1.4723268,-1.2710626,10.954754,-6.4299784,0.44809854,7.0999994,1.8576617,6.380032,2.5406313,9.470486,-2.7436452,0.93390316,-9.698191,3.251586,-2.3284433,4.205675,0.30925345,1.698824,0.5601141,-2.8242097,1.1493032,3.0524328,-11.944786,4.684793,3.397637,6.442412,3.1350422,-1.0680962
22x21,2.477191,-0.7161312,2.1718931,-3.832854,11.349403,-5.5205336,2.5128212,4.6019993,3.7477076,6.6754637,2.5379164,9.132703,-1.9382956,2.7376142,-6.406727,1.0111632,-0.6336915,4.781851,-3.6684868,0.31445932,-1.0474675,-0.73966974,0.41883826,1.8755959,-13.313524,4.8630457,3.1379907,9.708183,3.215405,-2.812043
22x22,2.0508292,-2.8778324,3.0391576,-5.0445585,11.2831135,-4.6787515,2.4000502,2.1737301,5.2586217,7.3023605,1.5979125,7.59169,-0.45434916,4.2581983,-3.453658,0.8786404,-0.71364427,5.6173773,-3.6452901,-0.7291907,-1.4503245,-1.3767915,0.6351645,4.8967347,-12.44608,6.4293947,3.4462128,10.149168,1.9572264,-5.0101776
22x23,2.783546,-3.5553756,3.7541025,-2.6636755,10.851755,-5.602044,2.563787,2.8859599,2.6703513,7.9536333,-0.8772812,7.2126517,-0.93210316,4.3682804,-4.5526776,0.9706987,-0.8111779,5.0626416,-3.055925,-0.08126247,-1.3632218,-4.1316304,1.0931605,6.8696175,-11.205223,4.5774403,0.8727607,8.817328,3.8458858,-4.2127523
22x24,2.0415592,-6.357294,4.3730693,-4.71688,9.983825,-3.308147,0.39123437,2.728589,-0.0045099854,6.9848056,-0.28626716,5.455867,-3.380595,3.6066532,-6.0420923,2.8328428,-2.6732178,5.6465225,-1.1005421,0.19918329,-0.9348975,-6.005058,1.1005225,8.622372,-7.5895963,4.877523,-0.7344306,7.796773,3.8782825,-3.3252606
22x25,3.5284793,-6.0192366,1.9753358,-5.124995,9.750914,-2.2141566,3.0024295,4.9201,0.6959352,0.80564725,0.7682183,5.535773,-3.9847937,2.0992486,-4.3229923,0.10613823,0.21705994,3.881027,-0.87893915,-1.1685054,-3.9143858,-4.6575203,-4.099368,5.872549,-7.6729994,3.718514,-2.063841,8.796162,5.5115013,-4.1665716
22x26,5.2382355,-4.5537214,0.7092792,-6.806688,9.805286,-2.2600682,3.259697,4.541548,0.64446133,-2.9097579,2.49751,5.276025,-4.516842,1.5726411,-4.216718,0.44691956,1.2418422,3.4668577,-0.7481525,-1.864429,-5.0908127,-3.0100093,-5.641699,5.374188,-6.713753,2.0649023,-2.22178,9.111213,6.7867355,-3.178265
22x27,8.311284,-2.9862595,-0.430607,-2.0097625,10.802125,-5.0834885,7.1783032,6.4528503,4.512939,-7.711276,3.8501956,5.3114653,-0.20172708,-1.3258014,-4.7512174,-2.0925708,3.5261736,2.6291852,-3.111638,-1.7991583,-6.4490757,0.21406834,-11.540081,2.8801458,-8.445352,1.707149,-1.0288264,8.83717,7.5070434,-5.4217296
23x7,2.40599,0.8732443,-7.6518803,-2.9399307,6.718275,-8.055057,-4.493629,10.579285,-0.31760257,-0.3648576,-2.7846615,7.368833,-0.3573177,-1.7304733,-8.247201,3.528085,-6.0655794,3.8762977,-1.352613,-1.4290122,3.765492,-4.1770716,-1.6130328,1.9469315,-3.9982915,-0.21551001,-2.4715483,1.7717856,3.1615198,-1.8917086
23x8,2.8333178,0.652014,-6.4383965,-3.1672888,6.000967,-7.869419,-5.9187546,10.115472,-1.3320917,-1.2969769,-3.151285,8.059647,0.28016132,-1.5465562,-8.284934,3.0666986,-6.58549,3.8104568,-0.91106236,-1.229105,3.4347863,-4.4882803,-2.195984,1.1197771,-3.426653,0.6374794,-2.7928438,1.7932625,3.382111,-2.2550678
23x9,4.802114,-0.64773023,-4.899146,-3.3545935,5.289978,-9.926069,-3.7034173,8.807306,-1.7077488,0.20122975,-4.670832,6.728596,-0.19188794,-2.1211412,-5.8435564,1.6212318,-5.5055823,1.1954544,1.9299898,-2.9971142,4.114398,-4.603961,-0.91213757,0.3463807,-5.841401,-0.57500076,-1.2675271,2.779999,1.6587286,-3.3530934
23x10,4.003277,2.0285606,-6.023783,-4.632786,4.8127317,-6.9794765,-6.854133,8.124423,-3.068632,-0.0014242232,-3.9982882,7.7881465,2.5177813,-1.5554066,-6.8690634,2.72393,-5.183319,3.658771,0.28232062,-0.7836095,4.6988497,-4.997047,-2.6790893,0.0749526,-3.420329,1.3719946,-2.2271557,3.0217142,4.535855,-3.055783
23x11,3.3101735,1.7520748,-5.661249,-4.554014,5.1321597,-7.9229345,-6.1909733,8.736986,-2.2225754,-0.14101243,-5.111753,8.458912,0.3682692,-1.3539445,-8.226301,2.2244437,-5.349415,4.1816316,-0.78850466,-0.601673,3.9917703,-5.0984783,-0.50833005,0.84979767,-3.6897976,1.8584256,-2.478486,3.6831,4.3253164,-3.6305373
23x12,3.018054,2.2836897,-4.5750117,-4.2385397,6.3077374,-6.7730894,-4.4524884,6.7681155,-0.9933288,0.5786821,-4.625275,8.814796,-1.4520565,-1.8568504,-9.524911,3.1224785,-5.090742,5.6727023,-2.2226102,-0.60742736,4.527603,-4.7726264,-0.116116166,0.57218134,-5.553461,0.88718975,-1.5864553,4.8614244,4.30876,-4.0400224
23x13,0.25312558,-1.2905928,-1.2098484,-2.1308053,10.021662,-5.3856,-0.4880942,5.6479993,1.6170902,2.5705,-4.602511,8.090007,-4.999301,-2.4884439,-10.783053,1.3306434,-4.769386,3.257288,-3.6093185,-0.2504859,3.778015,-4.8099875,3.4981527,3.6517138,-10.066177,-1.1716294,-1.3739195,6.4813414,1.8959607,-4.446535
23x14,3.054219,-0.6578326,0.27983075,-1.7530034,9.376883,-3.6749153,-0.38643497,4.4792204,1.7264401,2.8364391,-6.4565516,9.304842,-4.4099236,-2.6174479,-10.633557,2.925238,-4.302244,3.9937832,-3.569377,-0.11969602,4.4783826,-3.3443155,2.032611,2.0461433,-10.600881,-1.5266548,-1.495343,7.228524,3.4286745,-3.7709732
23x15,1.3613331,-3.9871545,-0.20511186,0.8488573,11.287423,-4.811629,1.9220405,6.5078163,1.7941494,4.850263,-6.5125356,8.183827,-3.6126695,-2.7213051,-9.397199,2.4934263,-5.525714,1.9617807,-3.2014298,1.2673668,2.711062,-3.2782507,3.0849867,3.7288518,-9.420675,-0.87250423,-1.9228772,5.699294,4.7852283,-3.993235
23x16,5.450056,-4.575716,0.51313376,1.1519957,9.592522,-3.7053564,-1.1302993,5.4048767,-1.8095601,4.362392,-7.704305,10.138851,-0.3563993,-3.094208,-8.269338,4.918167,-4.5932207,1.6859591,-1.9618866,3.6189644,3.2979088,-1.8564249,1.3468697,1.4756877,-7.2372265,-0.2603916,-2.1342595,3.7483249,8.331714,-1.650353
23x17,2.258797,-6.981105,-0.7500296,1.6370744,11.116514,-6.1928105,-0.9057673,6.696636,-2.6821635,5.1317368,-4.6347113,9.85977,-1.2532146,-1.4785302,-8.56384,4.6427894,-4.5498424,0.33147866,1.5033017,4.368669,2.3191242,-3.6759567,2.6018648,2.7380674,-7.320442,0.62791216,-0.9157047,0.88693315,7.2704673,-0.47312266
23x18,3.0894694,-3.5566359,-0.25000054,-1.2568766,9.120399,-6.059435,-3.64192,3.7310061,-4.8303466,3.3499627,-2.9263723,11.32532,-2.4565322,-0.96845174,-9.8343,6.2360954,-2.3428118,1.0619397,2.3737628,4.0202756,3.8378425,-4.6128664,1.5773586,0.7201364,-9.88557,1.4511012,1.4229884,0.4365128,5.9960957,0.81952333
23x19,0.78261614,-4.654312,0.5608844,-2.1599305,9.779937,-6.800411,-0.23714188,6.7511992,0.81758857,4.968071,2.1464038,11.175756,-2.5793834,-0.9648059,-7.8216176,3.800389,-2.63064,3.8539665,1.9294857,0.9090397,0.80941856,-3.588463,1.9944782,2.5560591,-10.8798685,3.2164843,3.0535607,3.0903938,4.278101,-0.8487957
23x20,2.131754,-2.4211636,2.4923024,-2.8986115,10.69184,-5.3181915,1.1076528,5.9279475,2.698605,6.0023737,4.0543866,11.4722185,-2.699308,-0.15453035,-7.2817698,3.1147182,-1.4820617,4.9266987,-1.5297384,-0.42801934,-0.12053466,-1.2336608,1.4690828,1.5890987,-12.29117,3.12963,4.151016,5.831872,5.0463,-1.4961598
23x21,1.5989153,-2.877329,2.7730885,-6.2569766,11.800395,-3.9432197,3.1758537,2.572915,6.694437,5.630593,5.034487,8.950077,-1.0119404,2.4534626,-3.0176456,0.53853035,-0.68674046,5.470846,-4.412304,-1.5814732,-2.173468,0.63320476,-0.89993346,1.7665112,-12.559525,6.3077874,6.6671057,10.39168,2.8006613,-5.282029
23x22,1.9861903,-3.1510105,2.8642063,-6.0368695,10.977893,-5.364184,2.4739928,1.2943683,5.4312353,5.720602,4.460971,7.7222476,-1.3259368,3.0224805,-2.862643,0.96316993,-0.4945686,6.780878,-4.9064894,-1.9853307,-2.628287,0.035013914,0.6641035,2.1717916,-11.17086,5.101279,5.110863,11.988294,2.7477052,-4.8091087
23x23,2.0691714,-4.711817,3.9635663,-7.397876,7.8907237,-4.577207,-1.1931629,1.0829358,1.5731535,5.8730087,2.829395,6.067242,-4.5822363,1.8242383,-2.8923216,3.2809353,-2.2228155,8.293043,-2.222993,-1.9315665,-1.1330607,-0.84344435,3.562754,6.834219,-4.906749,4.6155114,1.6581484,13.369762,2.1753845,-2.286162
23x24,4.8748307,-4.46747,0.7087773,-6.292055,8.313469,-4.3500743,0.53011155,1.6527781,0.07250613,2.003588,1.89712,6.212117,-5.3811836,3.212213,-2.636801,2.4425354,0.9329905,5.6060524,-0.54109764,-1.6004628,-2.7454815,-4.64006,0.3002658,8.350659,-6.2181945,0.9016535,-2.2919595,10.6653,5.467168,-0.8233588
23x25,4.5703974,-5.436406,1.835639,-9.597758,7.8571577,-2.5297356,-1.8887496,1.1313282,-1.3908906,2.553958,2.559441,5.5912447,-7.1824317,2.420658,-3.9296763,5.1266127,0.16529822,5.8790436,0.39317465,-1.8694904,-1.9267507,-4.261259,2.7090263,9.559979,-3.8922443,0.5994487,-2.7114043,11.091383,4.658799,1.57703
23x26,6.6795344,-3.7503712,-1.2200818,-8.567494,8.932681,-1.9418267,2.8388505,2.606254,1.8879232,-4.460267,4.9551773,6.58792,-4.8516073,1.7090099,-2.0772624,1.5335163,4.1072645,4.2187414,-1.9635539,-3.1427112,-4.9110556,-1.4330046,-4.4327307,3.4987109,-6.299169,-0.1242615,-3.267769,12.759903,6.3428087,-0.8798462
24x8,6.124297,-2.4387026,-4.4781494,-2.6574569,5.8215094,-12.139851,-0.052233458,8.349401,-0.64601076,2.0087302,-4.939958,5.040847,-1.7790542,-3.2615523,-2.9550624,1.7590481,-4.695121,-0.67589927,3.8299227,-5.736025,4.584443,-3.6368883,-0.19486791,-0.06716496,-8.467755,-2.946106,1.0490746,3.4777255,-1.4060409,-3.712747
24x9,5.943364,-0.7783369,-4.7858267,-4.1388035,4.9019365,-9.806464,-3.0934918,6.7784963,-2.8755789,2.3910334,-4.3333135,5.2380905,1.279995,-3.229214,-2.1202989,2.071226,-4.255388,-0.06778759,3.722439,-4.212947,5.6412406,-4.566661,-1.7900386,-0.61423135,-6.909671,-2.0554972,1.1376469,4.11356,0.5351758,-3.5204666
24x10,5.4965677,-0.45614445,-4.8798294,-4.413321,5.327368,-9.585837,-3.2119193,6.761555,-2.658435,2.9054432,-4.7902193,5.704532,0.73733103,-2.9814067,-3.3642035,2.2257628,-3.8145149,0.86912715,2.8312678,-3.6488986,5.371991,-4.494784,-0.56530565,-0.33844364,-6.4891763,-1.4036148,1.0648444,4.9571714,1.0061333,-4.069529
24x11,3.6390028,1.32525,-6.481231,-3.95898,6.7183495,-5.912702,-4.689912,6.0229435,-2.8240242,2.5684905,-2.3159375,7.134266,3.342542,-2.83512,-7.7563176,3.1915908,-4.3302107,6.52442,-1.9971247,-0.20722628,5.464216,-5.4809256,-2.5400345,0.14609921,-2.078179,1.1149433,-0.964785,5.0668197,4.762521,-2.8398294
24x12,-0.4102654,-1.6763251,-2.5867386,-3.4172955,8.801686,-4.8349876,-4.0152097,7.6548443,-0.16026951,1.9276949,-5.1798396,7.694085,-2.0632772,-3.939411,-10.288401,0.52987254,-4.2385845,2.8701856,-3.3877327,0.26597595,4.645893,-5.093604,3.3045597,4.791842,-6.310836,0.35453522,-1.6962692,6.8463674,1.5976689,-3.9517236
24x13,-0.6636989,-2.1693368,-0.6271817,-2.8790746,9.528493,-3.1671076,-3.347159,6.1984754,0.9095175,1.7895367,-5.670432,8.910719,-3.6248803,-3.216535,-10.921596,0.3177492,-3.313736,2.2165544,-4.125661,-0.08298242,4.595552,-5.0715375,3.3555446,5.0221786,-9.288914,-0.6664338,-1.2108461,7.951895,1.0689371,-2.9886026
24x14,-0.81753135,-4.638359,0.9563799,-0.6962318,11.58736,-3.7203267,-0.30986375,6.396543,2.0408382,3.0336199,-5.2514677,8.239807,-5.3032064,-3.0982533,-10.7890625,-0.2769522,-4.3987803,0.8975197,-3.2517214,0.19518387,3.4027076,-4.1694603,5.2880716,5.684333,-11.044401,-1.8303732,-0.64322,7.5480494,1.4612858,-2.6360986
24x15,4.6705723,-3.483592,1.5297745,-0.7877146,9.307781,-1.0650516,-2.1887195,6.0621448,0.14464512,2.4978814,-8.896523,9.913235,-1.4178312,-4.0430036,-8.093457,2.2483544,-4.157201,0.4669665,-2.4714937,2.2257447,4.5393705,-0.66328454,2.0639071,2.1546643,-8.960345,-2.329536,-2.0201752,6.8767533,6.2707224,-2.5469666
24x16,1.8240227,-5.5608454,-1.7388911,-0.58506405,11.854919,-3.5191257,-2.442823,9.580191,-0.64213073,4.622327,-6.2117586,7.814175,-0.37468326,-2.2655792,-5.268207,1.8106389,-6.4338775,-0.88000804,-0.34192443,3.6968033,1.9018757,0.81130314,3.3066516,2.4852836,-5.631194,-1.9698837,-2.6023848,4.8787847,8.391157,-2.5654635
24x17,3.7648377,-4.536046,-1.2470465,-2.0625458,9.378445,-4.5800166,-3.7396073,6.0753393,-3.1256208,4.289326,-4.071816,10.501275,-0.12421644,-1.3061947,-5.904094,4.3851714,-5.253351,0.9535285,1.5718136,4.164344,3.0761855,-1.3029779,2.8554707,0.18080974,-6.9445744,-2.7369375,-1.8469062,1.4962997,10.582811,0.34300178
24x18,0.94161016,-4.931633,-1.298744,-1.11522,8.958016,-6.913673,-2.1955738,7.7987866,-2.786017,5.7291994,-0.87516105,11.2553005,-1.6768658,-1.8751847,-7.002324,3.870487,-4.677415,1.4215564,3.8676481,3.2957096,2.4363267,-3.933106,4.0885,2.4554048,-7.2741404,-0.67837346,-0.5645005,-0.96614546,9.307869,0.64194846
24x19,1.9023769,-3.2473083,-0.24066797,-2.1191585,6.1875186,-5.851636,-0.31259185,6.892336,-0.4857229,5.678465,-0.85017455,14.2463875,-2.1554935,-3.0385094,-5.430717,2.9651878,-1.795644,2.789586,1.3053807,0.9764633,1.636694,-4.652899,3.8200696,3.253699,-9.100328,0.74043036,-0.08541596,0.82506037,10.281779,-0.5952931
24x20,0.48054534,-4.2790365,0.49171147,-3.1121964,8.368483,-5.0163875,1.8137109,7.2907333,3.8204281,5.964637,2.949829,12.356886,-2.7013805,-2.049034,-4.0803676,2.6416512,-1.8299146,4.1787024,-0.33351612,-1.294652,-0.43896943,-1.7123939,2.4293513,3.4258046,-9.884563,4.6640706,3.787766,6.1586637,6.3925276,-4.0564137
24x21,0.90287024,-3.221045,2.4349046,-6.2311034,10.45464,-4.6983886,2.2943213,2.3791704,5.919999,4.7368803,6.0326314,8.946443,-2.081891,1.3110962,-2.036553,0.60483193,-1.0165107,6.386846,-4.5897474,-2.8877397,-3.132553,0.5877199,-0.1682626,0.50475216,-10.648453,5.0450683,6.5172367,11.606228,4.01686,-5.7025967
24x22,0.56117266,-4.158263,2.5183272,-5.8263354,9.933624,-4.962715,1.7969391,1.7852813,5.9968,5.058674,6.032439,7.6707397,-2.11457,1.6855235,-2.1372867,0.94365823,-1.9485234,7.690468,-4.2871943,-2.9064345,-2.449411,1.7061921,-0.06119132,1.0789927,-8.281515,6.045295,6.040543,13.699214,3.0929384,-6.8354588
24x23,0.61082685,-6.493308,4.177791,-1.0161645,7.0392857,-9.224828,-0.46551293,2.4492972,3.4563334,4.5656013,4.399852,6.715775,-1.7886889,4.488033,-4.670176,2.86961,-1.671993,7.94586,-0.94504476,-4.506766,0.70681816,0.6322031,1.9180149,2.1488008,-5.2868514,0.90476334,1.9862878,14.342892,2.503175,-4.348792
24x24,2.0740004,-5.817766,3.9819176,-8.131373,5.8311725,-5.213869,-3.2429476,1.0567483,-0.20368177,5.293708,2.9255204,5.775157,-6.993496,1.0054916,-3.0329537,5.0543976,-2.7245555,8.886332,-0.59926486,-2.8237245,-0.43044257,-0.67373526,5.039624,7.842217,-1.4935491,2.4158514,0.036337018,14.601507,2.5251875,-0.39584917
24x25,7.5546455,-4.642871,-2.3024302,-8.937089,6.0606375,-4.065468,-0.52705014,0.6619395,-1.4492259,-1.8660947,3.8544679,6.0169663,-7.8064823,2.2814245,-1.757066,4.125362,2.5721493,6.2258043,0.9583502,-3.174509,-3.8640535,-4.023853,1.0894885,8.487953,-3.0123563,-3.1067536,-5.2306066,11.953572,6.5733504,2.5927067
25x9,9.456782,-4.4009385,-3.3990521,-4.29655,5.767171,-11.591288,3.5620909,2.9790328,-2.8493893,8.078354,-5.3486032,0.90238166,0.7698779,-6.3077703,4.7686048,1.2466085,-1.4984801,-4.7367215,7.9576197,-8.370096,7.117767,-3.2734258,-0.26855606,-1.0639573,-11.115128,-6.374296,7.617118,6.593526,-4.6065445,-5.3780184
25x10,6.974655,-2.7057605,-5.3851542,-3.5231013,8.590566,-8.437904,2.732635,1.1772505,-4.417067,8.19953,-0.17697734,0.96952534,6.396095,-6.008415,0.40889192,1.6989558,-2.4874065,2.2119086,2.786695,-3.616364,6.947319,-5.9058585,-3.7105424,-1.9438633,-5.0995803,-4.127182,4.700148,6.4462323,0.5978162,-2.6242423
25x11,3.3526769,-2.8495455,-4.797183,-3.4617138,8.48858,-7.9420233,-0.3288396,4.1094184,-2.8658335,5.8767366,-1.3768386,4.205554,2.8313043,-4.3713617,-4.4487004,1.4346673,-3.2887664,3.0779738,0.708598,-1.7247775,5.8005543,-6.0277877,-0.23173773,1.5741872,-5.0048585,-1.8507651,1.8054401,6.2473135,1.7614976,-2.4087176
25x12,1.0452691,-1.9784418,-4.0934763,-2.9913852,9.954997,-3.356678,-2.622208,4.092214,-1.4505701,5.150111,-1.189134,7.3490863,2.3123782,-3.225565,-9.035852,1.5771973,-2.3733392,5.7485366,-3.4540675,0.9570414,5.5389833,-6.3268437,-0.24324071,4.084926,-3.770824,0.3984158,0.74499565,7.140406,3.463982,-1.190036
25x13,-2.3580263,-5.6529746,0.33615518,-1.580471,12.0717,-2.647048,-2.4589274,7.5686054,1.4896169,2.9469604,-4.7758965,8.140877,-3.8510623,-3.6447003,-10.352924,-2.0063055,-3.2515354,0.20449102,-4.2326365,0.1262263,3.7933378,-5.2513638,5.2238846,7.9030466,-8.277918,-0.10761607,0.3882283,8.32714,-0.1992096,-1.7844238
25x14,2.0190427,-3.503545,0.9907174,0.15267166,7.11147,-2.0775542,-3.0991936,6.2930794,0.33457315,1.1288333,-7.543841,11.086321,-3.9821506,-3.4706292,-6.935817,-0.4691586,-4.0055456,1.3173418,-3.3034847,-1.3773861,4.526664,-4.7542934,0.9389687,3.9438536,-8.763155,-0.0102341175,0.3263256,7.6159744,3.1558428,1.0377312
25x15,2.0795524,-5.232567,-0.060882747,-0.929201,11.523527,-1.9094971,-4.0799546,9.425156,0.44324517,2.6294727,-6.277241,7.20505,-2.5333185,-2.8786192,-6.0895343,-0.32463336,-6.3192167,-1.7454689,-1.3230683,1.804472,2.8238215,0.30948257,4.046635,4.0340195,-7.1925597,-1.0759603,-0.52130455,8.515135,4.9376025,-2.135199
25x16,5.608651,-4.259232,-1.0719419,-1.8001277,10.602992,-2.0517058,-5.0509853,7.9589396,-1.0382383,4.127985,-5.3626046,8.393083,0.55070686,-1.2993201,-4.143544,2.3880448,-6.6657395,0.05467224,0.71168256,3.8085878,3.4259021,2.6485457,2.2214897,0.662128,-4.566916,-1.5943362,-0.98177195,6.115664,10.656463,-1.6519874
25x17,5.1633368,-2.8043933,-2.96496,-1.058881,10.697216,-4.071237,-4.433384,8.715546,-1.3508193,4.861155,-1.2374532,5.10051,-1.0201144,-1.855376,-4.9973793,1.6958976,-7.978075,1.6640905,2.8677099,4.482709,2.173904,1.9569459,3.3349113,0.6413431,-3.658054,0.49734735,-0.32189715,3.3951416,10.860104,-2.5949337
25x18,3.8898478,-1.7997594,-1.855341,-2.081842,6.2692933,-5.2092404,-3.4001412,7.23052,-1.9394023,5.280411,-2.2997448,10.631861,-1.9962177,-3.7402227,-5.0155897,3.575684,-4.0573444,2.1611953,2.166396,2.9875815,3.0704088,-3.4728932,4.5470486,2.889072,-6.523693,-0.9607994,-1.8185313,0.50264513,11.844309,-0.8085504
25x19,1.164145,-1.3308475,-2.412428,-2.142887,4.8162336,-4.815796,-1.2860413,10.371325,-0.4546418,5.589489,-3.1041749,10.533272,-2.8001473,-6.245072,-4.05733,2.9757373,-2.955595,0.8788322,1.2167163,0.8280666,2.5547326,-5.266855,5.6177325,6.703966,-6.2125254,2.0050685,-1.6145198,1.790544,11.064432,-2.8668172
25x20,1.6812775,-2.9750996,-0.103609025,-1.9433852,6.852311,-4.349733,1.1881589,6.117951,2.2146544,5.3553495,1.6194159,12.275509,-2.660967,-3.0370274,-3.6407642,3.2268825,-0.93222463,3.5418315,-1.2368741,-1.7496276,0.31874752,-4.262498,3.1996017,4.513997,-8.848031,3.6894336,2.17592,5.638235,9.770996,-4.795176
25x21,-0.23108748,-4.4235945,1.1959069,-4.2156377,9.05511,-3.5395794,1.7002504,3.678643,5.8950157,4.5839486,5.307616,8.9276085,-2.318629,-0.27463472,-2.0011363,1.6979529,-1.5087049,5.8459415,-4.6672697,-2.935533,-1.962234,0.44441438,0.38790464,1.5685711,-8.543613,7.152448,5.632064,12.869143,4.941376,-8.166056
25x22,-1.3248552,-5.680542,2.950611,-1.9529277,9.662752,-6.1378307,0.86391145,1.75016,4.6044292,3.3087587,5.892057,6.9019327,-1.4513887,4.380611,-3.516241,1.6505879,-1.4803894,5.2165318,-3.939193,-4.2768435,-0.8475232,0.29939073,-0.7772292,-0.053971812,-8.787004,3.0519814,4.411128,13.224687,4.122825,-7.3338947
25x23,-1.0575264,-6.7858715,3.451502,-0.5235799,7.1904697,-9.213964,-0.73919463,2.5092387,4.335027,4.293004,5.4175663,5.8929825,-2.0329523,4.1271286,-5.0317116,2.6965938,-3.456171,8.230199,-1.0346165,-4.7386417,0.41988498,1.4996562,0.66936207,0.5453476,-4.7769423,2.6731684,3.5628,14.6399,2.2899637,-6.8926086
25x24,0.4244149,-8.012948,3.7741265,1.3945276,5.5694275,-11.010355,-0.98299605,2.9479191,2.5584211,4.011655,4.5282254,6.4910865,-2.119954,4.5896416,-5.854715,3.583331,-2.5315323,8.806976,0.39276195,-5.392269,1.6298928,0.51867616,2.5372133,1.5642567,-3.1056743,-0.62496436,0.8723266,14.76738,2.7199314,-4.247792
26x11,2.4653697,-0.38247454,-7.4440107,-3.2843628,11.993188,-1.5327382,-0.60839903,0.38916337,-5.249381,9.685894,4.127752,2.963458,10.894241,-5.0835056,-4.5615535,2.8978138,-2.5049677,7.8848715,-3.9938293,2.7730265,7.1518383,-7.7844024,-6.67519,1.0025247,1.2733666,0.024694204,2.3258586,6.1764307,6.7305107,0.9273784
26x12,-1.1045114,-5.082555,-3.7495887,-0.9780673,12.795176,-3.2001293,-1.201507,5.2366066,-0.55014396,6.274913,1.1724397,7.0171595,1.936058,-3.1164522,-9.257375,-0.64609265,-4.2041597,5.83445,-5.717146,1.578281,3.4918604,-7.732732,1.1867195,6.100117,-1.3358562,2.057024,1.1869364,6.8889785,4.604446,1.8274536
26x13,-0.53691125,-3.8716147,-2.7060828,2.9708493,8.481536,-3.888149,-0.66890484,3.8339949,-2.0218174,3.8314095,-0.2420224,10.02702,0.118201986,-2.232996,-6.1695843,-1.7692226,-5.193283,7.4374948,-5.5395594,-1.5779059,3.920761,-11.659475,-3.3857138,4.543274,-2.197976,3.052928,2.2900927,4.450528,5.6582165,6.8366146
26x14,0.032832414,-3.8342786,-0.6947873,2.1132324,8.888068,-3.9907534,-3.2060084,8.018824,0.08235568,2.6032848,-5.3784266,9.527553,-6.3743143,-1.2241491,-4.7730455,-2.4568636,-6.594873,0.23828518,-1.9703968,-2.917963,3.337531,-6.0727654,1.154686,5.5892534,-7.203357,2.5345397,2.672422,6.199725,3.237846,2.921048
26x15,5.216259,-2.56074,-0.77718335,0.5224459,7.9307947,-3.095911,-5.08951,6.9548645,-0.07485685,2.1765304,-6.122103,9.894396,-3.5378017,-0.18628007,-2.9529448,0.43089843,-6.988016,1.1251878,-0.17697573,-1.0981491,4.0045495,-2.1096559,-0.71671295,1.1060352,-6.2541122,1.5715806,2.1599834,7.256467,6.7295065,2.4124794
26x16,6.42581,-2.215674,-2.9547698,-0.20387101,12.374784,-3.3353448,-5.153908,9.361136,-0.9029734,4.167004,-0.69067705,2.5342946,-1.8404814,-1.1725211,-4.665484,1.1623287,-10.089138,1.3208871,2.2711794,3.8900948,2.2088675,3.6164322,2.5858607,0.12890202,-2.8008466,1.5785615,1.1964703,5.971496,9.9264145,-2.6082747
26x17,9.0361395,0.33001673,-2.2581306,-0.667613,9.281984,-3.0188897,-4.905905,5.864058,-0.9521543,3.9002175,-1.5660381,3.3466477,-2.1440897,-2.3518777,-6.490729,2.0777848,-7.6429477,2.6297069,2.1172512,5.1162095,3.944552,-0.7051665,2.232294,1.7205682,-5.2339287,1.4994313,0.40358472,2.4489274,10.850608,-3.7800674
26x18,4.219755,0.5767182,-3.3453848,-1.1392105,6.229624,-4.7783833,-3.1154637,9.281122,-1.1783104,4.9041348,-3.0278733,5.7023635,-3.7328205,-5.5970345,-5.5986876,2.0612628,-5.507772,1.0049988,2.6266682,2.6685104,3.6128902,-4.6115885,4.9001594,5.7702084,-5.555669,2.4144716,-1.1564499,1.2662916,10.75359,-3.7266529
26x19,3.8149009,0.9411944,-2.0052052,-1.3667897,3.5139556,-4.100157,-2.1335177,7.8125114,-0.8005532,4.541841,-4.1872993,8.943513,-3.8068633,-7.2105303,-5.1435604,3.5985205,-2.4171886,0.8235111,0.33008742,0.8108783,4.2983723,-8.358411,5.1042314,8.346119,-7.4700236,2.6647005,-1.1912442,1.376709,11.00391,-4.0045676
26x20,1.5963463,-0.9313761,-2.0121646,-0.5166801,4.2879763,-2.9478097,-0.4043295,8.653742,1.3702545,4.6067877,-3.221114,9.862043,-3.57347,-7.17266,-3.9220357,3.8843923,-0.92366534,0.0934158,-1.9606173,-0.73134285,2.664843,-7.1413407,4.9424386,9.561905,-7.415988,5.770127,-0.12413196,5.038906,10.251705,-6.1673036
26x21,-0.5055625,-5.9258904,1.0314624,1.5056201,9.227309,-5.1703634,0.5692739,2.9038348,3.303481,2.7525475,4.1832113,7.6205854,-1.0614991,3.7857394,-4.746989,3.613236,0.09816837,1.7877613,-3.6808815,-3.299233,1.101043,-3.8134058,0.6280986,2.9437597,-9.903001,2.6663847,2.0694516,10.283793,7.472522,-7.175188
26x22,-1.8199506,-7.2497606,1.7678809,3.3690622,8.088123,-6.781806,-0.9738092,3.3026285,3.5237231,2.9059012,4.1942577,6.457616,-0.8670393,5.3445926,-5.837493,4.199119,-1.3989085,2.6136823,-2.1479182,-4.3838897,2.2975202,-2.0021799,0.49228072,1.9628528,-7.8894672,2.7323966,2.22896,12.2647295,5.425602,-8.12837
26x23,-1.2855594,-8.456343,3.6107497,4.907256,7.297492,-9.959557,-1.1122459,2.137446,2.5894299,2.338112,4.582428,5.478776,-0.58061445,7.854228,-6.9410887,3.9901524,-2.2597024,5.3561726,-0.38048625,-5.481738,2.6451962,-1.3583045,0.36128652,0.41826648,-6.2923956,-0.6463429,1.2243549,12.474606,4.0170403,-6.4361973
27x14,3.5227137,-0.79448783,-1.2899855,6.030916,1.8336314,-6.04747,-1.8397728,6.2779827,-1.3956845,0.1657672,-5.691822,14.505668,-8.908674,2.0491374,1.4196316,-3.2840986,-7.795521,4.678738,-1.8735423,-10.124176,2.906951,-12.832419,-6.2174654,1.4872944,-6.8418293,5.831319,6.8554344,3.373228,4.563914,11.454365
27x15,6.782011,0.45069933,-2.9371238,4.9963484,7.215131,-5.8194914,-3.4698498,7.718788,-0.76100576,1.852191,-1.6014028,5.282692,-7.89451,0.79513454,-1.8053453,-1.7663652,-11.478307,4.2631884,2.057361,-3.865157,2.6627183,-4.204714,-3.1119423,0.33370814,-4.551135,6.6375327,5.9349732,3.18092,7.203911,3.230596
27x17,9.601562,4.1155124,-3.4264765,-0.08737224,11.126678,-3.9186165,-5.420361,5.539178,-0.17574805,2.9770648,1.1616712,-2.7977953,-6.203938,-2.0262167,-9.423462,1.9267361,-10.370878,3.722327,3.0646355,4.41191,4.6540327,-2.207344,2.2128758,1.883979,-7.048031,3.8854845,3.0112777,1.3830085,7.397417,-4.8153353
27x18,9.370023,3.6141171,-2.173346,0.05639988,8.949467,-4.110375,-3.8049421,3.7966087,-0.049784243,2.944011,-0.13767755,-0.11063272,-5.3315125,-3.5598679,-9.980644,2.3333845,-7.27009,3.4268768,2.4348373,4.48796,5.8042274,-6.5790052,2.872734,4.8533773,-8.609288,3.359737,1.4796946,-0.94503653,8.574911,-4.989714
27x19,6.3970976,2.8051324,-2.6829004,-0.16170236,5.8560543,-3.4723268,-2.3513951,6.6392226,0.19910279,3.0514226,-2.8900423,2.8383956,-5.2283287,-6.6989155,-7.374721,2.9850483,-4.291437,0.88323694,0.09140015,2.0600827,4.947974,-8.548118,4.1907897,8.665087,-8.342403,4.9758196,0.22658186,1.229039,8.870275,-6.103965
27x20,2.2091856,-1.0286329,-0.95434314,-0.8406953,10.439035,-2.4027467,-1.3820468,2.4639506,1.1936219,2.4785202,0.52337396,4.629496,-4.3943596,0.08089355,-6.129384,5.2409043,-1.5888771,-1.7620537,-4.2646503,-0.6959376,3.7382834,-9.011794,2.172379,7.3828154,-12.866007,2.5858798,1.0355935,4.3412843,8.62195,-6.2239733
27x21,-0.94962335,-3.9098878,-0.6613551,-0.8945682,12.728891,-1.3429873,-0.61619353,1.7222761,2.8487706,2.394159,3.4133391,5.325931,-3.2958732,2.5468655,-4.3673153,5.7974887,-0.8875645,-2.4320989,-6.311125,-1.9857633,2.2313237,-6.054405,0.82390916,6.2808323,-12.436294,4.491673,2.6132135,8.779183,8.2994375,-7.6954565
27x22,-1.3348299,-7.532666,1.2716236,3.8645778,11.65939,-6.81804,-1.1106044,0.17369938,2.6266456,1.33711,6.0592546,4.50455,-0.8339281,8.747257,-7.197235,5.1101384,-0.6831782,0.7171384,-3.191615,-4.162312,2.7031698,-4.05733,-0.07770866,1.3531494,-10.925955,-0.075267315,1.5063827,10.246486,6.3608503,-6.5356526
